timestamp,actual,predicted,lower_bound,upper_bound,residual
1995-08-23 00:00:00,6561964.0,5162815.258595994,965489.027411106,9200692.667140214,1399148.7414040063
1995-08-23 00:15:00,6038280.0,5219401.781110455,872501.7050843694,9165564.166473962,818878.2188895447
1995-08-23 00:30:00,4346838.0,5185325.059799891,857569.628955268,9502782.889605096,-838487.059799891
1995-08-23 00:45:00,5142410.0,4735823.353690506,552185.1041358946,8676850.310641803,406586.64630949404
1995-08-23 01:00:00,3792269.0,4304700.591913113,354991.1131840673,8367285.920102153,-512431.59191311337
1995-08-23 01:15:00,3356671.0,4320067.283908917,66873.05519699228,8577289.61369745,-963396.2839089166
1995-08-23 01:30:00,4943819.0,4484687.57078946,28786.82283114025,8751947.03952276,459131.4292105399
1995-08-23 01:45:00,3764171.0,4349264.476434892,147930.4680189329,8815275.18546905,-585093.476434892
1995-08-23 02:00:00,3247271.0,3954801.7202084023,-106637.01217342129,8181446.923648133,-707530.7202084023
1995-08-23 02:15:00,5109810.0,3552559.4855930787,-584350.6329016769,7753340.823010982,1557250.5144069213
1995-08-23 02:30:00,4826226.0,3154659.64542807,-865355.5448542414,7234975.13874464,1671566.3545719301
1995-08-23 02:45:00,4824497.0,2779198.6223502904,-1621831.3250723283,6758361.815638452,2045298.3776497096
1995-08-23 03:00:00,4513227.0,2624940.4866589485,-1246208.1153677618,6936912.51978941,1888286.5133410515
1995-08-23 03:15:00,6623365.0,2752104.7561123325,-1531916.6507815209,6712898.13584547,3871260.2438876675
1995-08-23 03:30:00,4374016.0,2894104.8128015245,-1308984.8362970666,7096527.74831693,1479911.1871984755
1995-08-23 03:45:00,4476119.0,2846418.193389918,-1146728.1372423272,6836240.631824861,1629700.8066100818
1995-08-23 04:00:00,4364007.0,2672217.792793936,-1276263.2324226627,6898076.5804673545,1691789.207206064
1995-08-23 04:15:00,2686479.0,2483909.333340887,-1701139.134587224,6650624.2095228685,202569.66665911302
1995-08-23 04:30:00,2598439.0,2281116.2312174384,-1684112.3976971537,6341647.344397723,317322.76878256164
1995-08-23 04:45:00,2437986.0,2122231.526121119,-1862694.7209032606,6288660.177317243,315754.47387888096
1995-08-23 05:00:00,3281115.0,2107086.9415474185,-2042832.1830180173,6153369.374332442,1174028.0584525815
1995-08-23 05:15:00,5078510.0,2206483.984170227,-1936108.5770476807,6444103.328937822,2872026.015829773
1995-08-23 05:30:00,6191201.0,2277138.905439477,-1755286.9658795097,6699344.415371763,3914062.094560523
1995-08-23 05:45:00,4603032.0,2290008.207746468,-1668200.6505165421,6247451.937235957,2313023.792253532
1995-08-23 06:00:00,4763828.0,2304081.630321841,-2025149.6127414748,6350702.269739336,2459746.369678159
1995-08-23 06:15:00,5709029.0,2344017.873102341,-2053024.2507836833,6246367.633942768,3365011.126897659
1995-08-23 06:30:00,5323779.0,2425817.864483585,-1673990.00657113,6762049.35993122,2897961.135516415
1995-08-23 06:45:00,6384592.0,2672921.304780027,-1413891.6559719378,6755378.248261537,3711670.695219973
1995-08-23 07:00:00,5514131.0,3167547.073247539,-1063252.9099048604,7000005.51558902,2346583.926752461
1995-08-23 07:15:00,6621249.0,3803442.612919977,-211070.41386178197,7861529.467393412,2817806.387080023
1995-08-23 07:30:00,6291536.0,4382224.752316714,-2689.8517596412967,8520528.197092833,1909311.2476832857
1995-08-23 07:45:00,6783981.0,4887737.4451845605,985208.3079934069,9145702.361937815,1896243.5548154395
1995-08-23 08:00:00,7667718.0,5475901.935683112,1053410.1591366718,9578996.489554225,2191816.0643168883
1995-08-23 08:15:00,6934219.0,6207817.593319168,2459785.7679068134,10414192.787542572,726401.4066808317
1995-08-23 08:30:00,8219072.0,6831732.162601874,2675306.480550153,11155417.169190388,1387339.8373981258
1995-08-23 08:45:00,8655844.0,7053184.742062573,2784655.984252093,11394273.150703395,1602659.2579374267
1995-08-23 09:00:00,7035056.0,6989021.618602881,2799037.247693632,11135992.005439267,46034.38139711879
1995-08-23 09:15:00,7596565.0,7154616.31644725,3469727.970468306,11481943.790336655,441948.6835527504
1995-08-23 09:30:00,6506887.0,7750434.593686342,3428634.042704135,11904557.750516092,-1243547.5936863422
1995-08-23 09:45:00,10013484.0,8303840.67051044,3934433.846220321,12280501.806051841,1709643.3294895599
1995-08-23 10:00:00,7249787.0,8316259.378067369,4018925.4359008907,12487231.22454058,-1066472.3780673686
1995-08-23 10:15:00,6412856.0,8051236.544048836,3902935.8340607216,12270159.85362143,-1638380.5440488365
1995-08-23 10:30:00,8403458.0,8119781.096657896,3888552.672919534,12227354.326584991,283676.9033421036
1995-08-23 10:45:00,9087066.0,8559549.89026002,4400241.8110695835,13057732.50144321,527516.1097399797
1995-08-23 11:00:00,8948186.0,8889242.76387985,4685116.727123375,12821923.38666449,58943.23612014949
1995-08-23 11:15:00,9190519.0,9006687.947532205,5226243.28568357,13186486.069353957,183831.0524677951
1995-08-23 11:30:00,13809195.0,9282155.40588075,5447502.69879464,13482729.516238153,4527039.594119251
1995-08-23 11:45:00,7313064.0,9815807.93745555,5626025.464052434,13946130.74141271,-2502743.93745555
1995-08-23 12:00:00,13024382.0,10212676.441317255,5857029.725103669,14373521.607568601,2811705.5586827453
1995-08-23 12:15:00,15006672.0,10253079.97080211,5982163.6864383565,14547388.544732774,4753592.02919789
1995-08-23 12:30:00,14678637.0,10166737.510526564,5917869.816080051,14485268.368038194,4511899.489473436
1995-08-23 12:45:00,11604810.0,10189628.262820767,5687432.088098434,14677168.891499363,1415181.7371792328
1995-08-23 13:00:00,11282366.0,10257909.786002075,5899566.9745939085,14565024.462946171,1024456.2139979247
1995-08-23 13:15:00,16230128.0,10277871.699859874,5884690.295448033,14410065.17573862,5952256.300140126
1995-08-23 13:30:00,14321203.0,10259408.578865351,6084945.6332371645,14908212.417460373,4061794.421134649
1995-08-23 13:45:00,12453328.0,10207590.935931645,5786444.560123374,14760382.49549369,2245737.0640683547
1995-08-23 14:00:00,13483783.0,10121618.156769602,5801136.053359325,14516194.88839855,3362164.8432303984
1995-08-23 14:15:00,11355281.0,10113177.764652856,6015304.390931518,14370179.148989843,1242103.2353471443
1995-08-23 14:30:00,13455001.0,10232663.347687703,6039886.460545141,14594188.352573287,3222337.6523122974
1995-08-23 14:45:00,13014685.0,10359558.863931865,6108460.40681421,14683587.281055603,2655126.1360681355
1995-08-23 15:00:00,13613261.0,10398967.286846463,5712065.863538689,14746378.753306026,3214293.7131535374
1995-08-23 15:15:00,10788346.0,10454452.525734276,6340462.023203706,14826231.98142801,333893.4742657244
1995-08-23 15:30:00,13441635.0,10599121.39761874,6232187.927493091,15117705.424099492,2842513.602381259
1995-08-23 15:45:00,18148221.0,10767312.50398449,6326496.957452755,15410069.030893208,7380908.49601551
1995-08-23 16:00:00,17797016.0,10897312.131000966,6515792.119337139,15504661.361799242,6899703.868999034
1995-08-23 16:15:00,18988652.0,10945802.420114025,6735111.93071785,15322242.510158973,8042849.5798859745
1995-08-23 16:30:00,18106790.0,10703913.46091526,6520211.126960887,15331130.386767242,7402876.53908474
1995-08-23 16:45:00,12657773.0,10051606.58025219,5923124.046955111,14235792.60927944,2606166.419747811
1995-08-23 17:00:00,8776154.0,9313427.491767177,4902728.608097722,13879715.484029356,-537273.4917671774
1995-08-23 17:15:00,10626291.0,8956828.945175001,4941648.9573943615,13530794.306142457,1669462.0548249986
1995-08-23 17:30:00,10948288.0,8910115.279598488,4476471.926775331,13342566.670571398,2038172.7204015125
1995-08-23 17:45:00,9550538.0,8715625.384103743,4147070.091634621,13267262.450966893,834912.6158962566
1995-08-23 18:00:00,9072944.0,8229695.976550158,3961310.548958081,12872618.956840001,843248.0234498419
1995-08-23 18:15:00,11470066.0,7724731.78200564,3728651.1626260206,11942758.117766103,3745334.2179943603
1995-08-23 18:30:00,11265607.0,7349113.79791456,3035980.7125755036,11793229.049480015,3916493.20208544
1995-08-23 18:45:00,8198502.0,7058366.876469436,2617810.530420894,11544083.766602842,1140135.123530564
1995-08-23 19:00:00,7521441.0,6884722.74702646,2488513.6030424368,11336374.01429225,636718.2529735398
1995-08-23 19:15:00,7444452.0,6839538.816542449,2589734.6649522344,11311339.367899397,604913.1834575506
1995-08-23 19:30:00,9058309.0,6692519.241125777,2395985.697374548,11228525.320939142,2365789.7588742226
1995-08-23 19:45:00,7930173.0,6370432.161606176,2212939.5051782704,10531964.573875133,1559740.8383938242
1995-08-23 20:00:00,8913061.0,6221276.521734129,1913442.0016228904,10648955.867318638,2691784.4782658713
1995-08-23 20:15:00,7664813.0,6468029.161254874,2096785.3728084618,10989858.272808015,1196783.8387451256
1995-08-23 20:30:00,7726631.0,6724462.846559008,2366037.6589168725,11099427.461396862,1002168.1534409923
1995-08-23 20:45:00,5916039.0,6611910.784918977,2359166.7805992635,10761234.28707658,-695871.784918977
1995-08-23 21:00:00,4715157.0,6371213.783927585,1537303.1147489003,10872390.413292853,-1656056.783927585
1995-08-23 21:15:00,4602801.0,6403225.499225939,2213502.1623660605,10626938.655310772,-1800424.4992259387
1995-08-23 21:30:00,5830997.0,6594420.077351074,2272439.6810287195,11002683.39239106,-763423.0773510737
1995-08-23 21:45:00,5585106.0,6656010.324982471,2599446.1944054374,11214110.324051414,-1070904.3249824708
1995-08-23 22:00:00,6577915.0,6609000.955452501,2144420.043577262,10951301.018729208,-31085.955452500843
1995-08-23 22:15:00,6653871.0,6541417.299527216,2084555.5768587547,10904226.70763774,112453.70047278423
1995-08-23 22:30:00,7342247.0,6335761.545872594,2145142.4797395864,10674783.176202942,1006485.4541274058
1995-08-23 22:45:00,8930279.0,6084378.3332532225,1782582.027911944,10540199.730407432,2845900.6667467775
1995-08-23 23:00:00,10253062.0,6138832.608523904,1822180.4432445685,10400881.516438937,4114229.3914760957
1995-08-23 23:15:00,6860818.0,6450866.649727157,2248085.3177079465,11018375.001019541,409951.3502728427
1995-08-23 23:30:00,8673083.0,6460400.375886308,2120632.593483371,10877457.344612602,2212682.624113692
1995-08-23 23:45:00,5850033.0,6031469.504499621,1701584.2788396294,10437154.79817344,-181436.50449962076
1995-08-24 00:00:00,4432194.0,5803617.747370805,1341439.7494204582,10310976.872424496,-1371423.7473708047
1995-08-24 00:15:00,3446805.0,5882232.107272866,1616058.0351121752,10481597.74023817,-2435427.107272866
1995-08-24 00:30:00,6040106.0,5870987.009789483,1582324.33630722,10495148.0114421,169118.9902105173
1995-08-24 00:45:00,5643388.0,5449135.570219651,1034563.8059082143,9736640.480129598,194252.42978034914
1995-08-24 01:00:00,4720847.0,5045108.556382485,917295.0105322037,9502432.540609388,-324261.55638248473
1995-08-24 01:15:00,4202478.0,5081711.16682049,607970.1229797791,9533014.970793862,-879233.1668204898
1995-08-24 01:30:00,4012827.0,5265380.948818208,1000110.5245073419,9666724.1601558,-1252553.9488182077
1995-08-24 01:45:00,3189258.0,5152379.44153237,805550.463155567,9636048.054746268,-1963121.4415323697
1995-08-24 02:00:00,2828911.0,4783199.355019439,363884.4202520905,8983838.002979446,-1954288.355019439
1995-08-24 02:15:00,3015944.0,4405985.303333575,103426.68645957655,8442178.103917856,-1390041.303333575
1995-08-24 02:30:00,2998479.0,4032704.6779937968,45731.605053798834,8356636.472596398,-1034225.6779937968
1995-08-24 02:45:00,3519917.0,3681225.4438742753,-622342.645664157,7928059.229476313,-161308.4438742753
1995-08-24 03:00:00,2779706.0,3547844.4436441096,-342353.70497493295,8022331.523946941,-768138.4436441096
1995-08-24 03:15:00,2576824.0,3692029.8446606277,-278736.8651443829,7962175.110507377,-1115205.8446606277
1995-08-24 03:30:00,2814779.0,3850494.146255023,-345017.6694451094,8298098.18540743,-1035715.1462550228
1995-08-24 03:45:00,2287107.0,3821246.452258914,-256560.3555321382,8224299.582464955,-1534139.4522589138
1995-08-24 04:00:00,2312518.0,3666673.7405593013,-515436.1872341476,8216688.927386351,-1354155.7405593013
1995-08-24 04:15:00,2891604.0,3497785.059751493,-938353.7384517305,7817048.69465359,-606181.0597514929
1995-08-24 04:30:00,3163698.0,3314205.1989975763,-1237808.6866724724,7464691.656907348,-150507.19899757626
1995-08-24 04:45:00,1843170.0,3173599.776723692,-936364.37181606,7406384.401093754,-1330429.7767236922
1995-08-24 05:00:00,2148250.0,3174558.8102869405,-1140837.1409738394,7311052.828871605,-1026308.8102869405
1995-08-24 05:15:00,1688362.0,3288242.33853518,-768330.7312897997,7592390.548492816,-1599880.3385351798
1995-08-24 05:30:00,3531935.0,3373140.98344778,-948976.4492747558,7608625.847488418,158794.0165522201
1995-08-24 05:45:00,2674296.0,3400569.0048428844,-1006203.5729264538,7751124.694774322,-726273.0048428844
1995-08-24 06:00:00,2628036.0,3428781.6227837056,-588485.7963373516,7721735.536313764,-800745.6227837056
1995-08-24 06:15:00,2920724.0,3482128.8840938765,-690997.9450578694,7866642.32421434,-561404.8840938765
1995-08-24 06:30:00,2808704.0,3576410.4926174358,-499542.9058852983,7733739.735229974,-767706.4926174358
1995-08-24 06:45:00,2410081.0,3833530.9959893273,-236209.71216386138,8435733.343345758,-1423449.9959893273
1995-08-24 07:00:00,2106203.0,4334685.28640513,233584.4208208444,8701606.580725512,-2228482.2864051303
1995-08-24 07:15:00,3428729.0,4974937.013445091,599713.8557826051,9578634.171397232,-1546208.0134450914
1995-08-24 07:30:00,2488773.0,5558364.310864249,887347.6393696588,10262307.294577425,-3069591.3108642492
1995-08-24 07:45:00,7661208.0,6069010.157743119,902113.8319860308,11022486.976606227,1592197.8422568813
1995-08-24 08:00:00,5694819.0,6660857.178282767,1904450.8033169108,11562909.158431398,-966038.1782827666
1995-08-24 08:15:00,7888725.0,7394243.415389342,2487699.445629867,12192419.030102441,494481.58461065777
1995-08-24 08:30:00,8773755.0,8020542.795835216,3219603.4697955265,13435758.540111754,753212.2041647844
1995-08-24 08:45:00,9946204.0,8248953.124984375,3287470.8827794534,13232954.999025226,1697250.8750156248
1995-08-24 09:00:00,6188859.0,8194868.751366123,3327785.3642872577,13432589.280555943,-2006009.7513661226
1995-08-24 09:15:00,8117534.0,8367256.183789729,2920371.4882960794,13872946.354598539,-249722.18378972914
1995-08-24 09:30:00,7021565.0,8964086.32209249,3967435.1892458615,14099337.832558503,-1942521.3220924903
1995-08-24 09:45:00,4415396.0,9518597.371611005,4432662.490791936,14739656.224253945,-5103201.371611005
1995-08-24 10:00:00,7973200.0,9538413.881989013,4337431.639766839,14893317.42861823,-1565213.8819890134
1995-08-24 10:15:00,8070627.0,9283805.239067104,3952131.886976776,14705415.332307639,-1213178.2390671037
1995-08-24 10:30:00,10874293.0,9358179.920836633,4246820.9015133,14708844.156464584,1516113.079163367
1995-08-24 10:45:00,12036802.0,9798723.8298615,4557923.989900343,15282889.968727745,2238078.1701385006
1995-08-24 11:00:00,12672939.0,10130123.12815768,4698156.763387708,15591344.40145358,2542815.871842319
1995-08-24 11:15:00,11961848.0,10251477.412118256,4795899.83610526,16185713.40257504,1710370.587881744
1995-08-24 11:30:00,11529912.0,10528448.590904025,4752489.731045186,16560677.497188684,1001463.4090959746
1995-08-24 11:45:00,16389847.0,11059951.376607487,5129623.5215358855,16941959.10893445,5329895.623392513
1995-08-24 12:00:00,10933008.0,11455932.186133636,5707827.180590368,17569199.600705173,-522924.18613363616
1995-08-24 12:15:00,10618594.0,11499445.677627068,5579232.3006678745,17185765.862654373,-880851.677627068
1995-08-24 12:30:00,12072182.0,11417351.65760567,6175151.246391513,17529666.61644594,654830.3423943296
1995-08-24 12:45:00,13555997.0,11442690.77643928,5918095.588798969,17835797.563086245,2113306.2235607207
1995-08-24 13:00:00,16316080.0,11512415.174868975,5721397.871924404,17651993.838542905,4803664.825131025
1995-08-24 13:15:00,8118278.0,11533981.626455504,5885154.144198506,17564001.44364953,-3415703.6264555044
1995-08-24 13:30:00,2501123.0,11517161.69988339,5520442.623350833,17382797.633367863,-9016038.69988339
1995-08-24 13:45:00,4099633.0,11466963.024047943,5975727.100991959,17971668.735091764,-7367330.024047943
1995-08-24 14:00:00,1762995.0,11382595.30959037,5351381.812005426,17735741.465438433,-9619600.30959037
1995-08-24 14:15:00,6507794.0,11374354.418373054,5266707.17583883,18196206.03581811,-4866560.418373054
1995-08-24 14:30:00,3092230.0,11492005.698783794,6058189.200363083,18081948.11390065,-8399775.698783794
1995-08-24 14:45:00,8852455.0,11616535.401795933,5942982.09280885,18542600.556946613,-2764080.401795933
1995-08-24 15:00:00,9282601.0,11654230.201847564,5409143.368566785,18309482.888479102,-2371629.2018475644
1995-08-24 15:15:00,12904390.0,11707363.471136976,5676964.902188654,17989840.64944501,1197026.528863024
1995-08-24 15:30:00,13974540.0,11848130.754751185,5997777.457284146,18270241.411511574,2126409.245248815
1995-08-24 15:45:00,13881830.0,12011689.946688639,5483700.655673081,18624719.880222544,1870140.053311361
1995-08-24 16:00:00,10302613.0,12137097.870494124,6259459.582344684,19014890.277731538,-1834484.8704941235
1995-08-24 16:15:00,13450028.0,12181578.146948881,6424491.444244693,19049760.546272196,1268449.8530511186
1995-08-24 16:30:00,10577356.0,11938868.565408317,5719664.975737203,19006291.954927173,-1361512.5654083174
1995-08-24 16:45:00,10279562.0,11290430.9345241,5334309.103534517,17919928.65614838,-1010868.9345241003
1995-08-24 17:00:00,11113098.0,10556763.026633527,4475064.989991191,17297746.302412286,556334.9733664729
1995-08-24 17:15:00,9705895.0,10199483.623406341,4605467.626930077,16889533.160720788,-493588.6234063413
1995-08-24 17:30:00,11153259.0,10147791.490037067,4100079.4946501255,16633485.44878642,1005467.5099629331
1995-08-24 17:45:00,11872538.0,9949739.946010012,4003117.1842446392,16265074.701031016,1922798.0539899878
1995-08-24 18:00:00,12442487.0,9463461.84159957,3401876.7488463013,16083603.893729316,2979025.1584004294
1995-08-24 18:15:00,11324446.0,8957962.325687356,3397962.3343884954,14769678.679266015,2366483.6743126437
1995-08-24 18:30:00,11987747.0,8579770.3804875,2765075.3702952336,14325052.364496464,3407976.6195125002
1995-08-24 18:45:00,6464498.0,8284967.354215401,2885868.373015066,14019294.700925361,-1820469.3542154012
1995-08-24 19:00:00,7500907.0,8105383.381967639,2593668.301360143,14003789.33861422,-604476.3819676386
1995-08-24 19:15:00,6361840.0,8052234.990905963,2352993.1010364834,13867518.883958673,-1690394.990905963
1995-08-24 19:30:00,6090309.0,7898105.67605573,3010316.963895848,13921791.158826804,-1807796.6760557303
1995-08-24 19:45:00,7149697.0,7570681.214606717,2095458.274079491,13455393.37020189,-420984.2146067172
1995-08-24 20:00:00,8729011.0,7413612.74300508,2002203.3948384956,13294013.422276665,1315398.2569949199
1995-08-24 20:15:00,5580976.0,7647090.25513215,2124296.9736614805,14312398.40754575,-2066114.25513215
1995-08-24 20:30:00,6987039.0,7889716.196009542,2331484.434189897,14091021.046874436,-902677.1960095419
1995-08-24 20:45:00,8505825.0,7767561.483242135,2050174.3118817615,14078597.268556187,738263.5167578654
1995-08-24 21:00:00,5847370.0,7518458.403090064,2158514.440904016,13502902.076812053,-1671088.4030900644
1995-08-24 21:15:00,6392754.0,7538248.897988236,1943729.4235287951,13675722.55801911,-1145494.8979882356
1995-08-24 21:30:00,6147459.0,7714828.367671981,1814215.2250039545,13882352.024971057,-1567369.3676719815
1995-08-24 21:45:00,6937374.0,7763024.70063964,2043675.657507946,14112886.870196708,-825650.70063964
1995-08-24 22:00:00,4989660.0,7703582.766021345,1933216.6004516145,13992829.390265264,-2713922.766021345
1995-08-24 22:15:00,5646491.0,7623429.149390121,2187931.0708956704,14072734.875931099,-1976938.149390121
1995-08-24 22:30:00,7437570.0,7406539.4774926985,1573884.981833971,13839611.685005039,31030.52250730153
1995-08-24 22:45:00,6522319.0,7144105.573809161,1302344.8514911672,13017733.769423071,-621786.5738091609
1995-08-24 23:00:00,5755323.0,7183293.344635794,1655971.8291721945,13642166.239107082,-1427970.344635794
1995-08-24 23:15:00,5670659.0,7476450.638693387,1801930.8714324415,13816034.44308697,-1805791.6386933867
1995-08-24 23:30:00,3754865.0,7470513.536682862,1981732.4651660905,13821480.841650045,-3715648.536682862
1995-08-24 23:45:00,4687517.0,7031225.222642072,1433051.877742684,13121435.431393076,-2343708.2226420715
1995-08-25 00:00:00,3990006.0,6790122.638679976,839545.3655811436,12537130.311613059,-2800116.6386799756
1995-08-25 00:15:00,3010824.0,6851274.455556482,1593551.0603322547,12839187.496858694,-3840450.455556482
1995-08-25 00:30:00,6585193.0,6823323.019697967,1206638.5467550023,12555559.747768903,-238130.01969796699
1995-08-25 00:45:00,5028418.0,6389544.854748222,1139476.2542239977,12363971.59197084,-1361126.854748222
1995-08-25 01:00:00,4353388.0,5973006.066768234,618911.8212050959,12005723.261267435,-1619618.0667682337
1995-08-25 01:15:00,4029091.0,5991214.991058234,805579.1158417754,11924555.630680153,-1962123.9910582341
1995-08-25 01:30:00,4852133.0,6154290.979966572,104402.05078112686,12241936.339118414,-1302157.9799665716
1995-08-25 01:45:00,6280809.0,6024062.43876077,400953.10586459795,11700044.071992889,256746.56123923045
1995-08-25 02:00:00,5606635.0,5640519.372845277,56427.701277646964,11471139.192962822,-33884.37284527719
1995-08-25 02:15:00,4103147.0,5248699.0877263285,21101.51138920172,11490514.11776983,-1145552.0877263285
1995-08-25 02:30:00,3460267.0,4860422.711489996,-684077.0020644056,10220103.708653774,-1400155.711489996
1995-08-25 02:45:00,4524996.0,4493337.92925137,-802403.7883983855,9818868.265190326,31658.07074862998
1995-08-25 03:00:00,4115927.0,4341282.495456359,-768018.4896791802,9763533.016040955,-225355.49545635935
1995-08-25 03:15:00,3605749.0,4462981.329815089,-824163.2820917884,9940046.174157314,-857232.3298150888
1995-08-25 03:30:00,2336293.0,4598454.117292676,-410485.13409700553,9900505.918683328,-2262161.117292676
1995-08-25 03:45:00,2879838.0,4548249.564827027,-694038.9418651429,10559161.700045517,-1668411.5648270268
1995-08-25 04:00:00,2148142.0,4373976.738982252,-850674.6704465792,9817030.139179328,-2225834.738982252
1995-08-25 04:15:00,6147791.0,4185255.9917617813,-1296290.6711599478,9564355.520210363,1962535.0082382187
1995-08-25 04:30:00,3568115.0,3981721.4366615624,-1115677.248893272,9664093.121573078,-413606.4366615624
1995-08-25 04:45:00,3589364.0,3820319.1977505684,-1491607.9015624498,9262745.797148205,-230955.1977505684
1995-08-25 05:00:00,5945586.0,3798405.491266401,-1254488.4251292467,9219787.641392663,2147180.508733599
1995-08-25 05:15:00,4201850.0,3887506.7735978863,-1015206.6343598926,9291356.016584609,314343.2264021137
1995-08-25 05:30:00,6758357.0,3947895.904562751,-1089777.1404604653,9514913.127548072,2810461.095437249
1995-08-25 05:45:00,2686599.0,3951252.753243863,-852486.9234308018,9470017.425393498,-1264653.7532438631
1995-08-25 06:00:00,3860405.0,3955105.8586074836,-1100928.3155287423,9398474.063445766,-94700.85860748356
1995-08-25 06:15:00,2980907.0,3983504.440901844,-901186.7753969445,9480970.069258662,-1002597.4409018438
1995-08-25 06:30:00,3367647.0,4052054.7964677154,-995892.6373215807,9317534.303001923,-684407.7964677154
1995-08-25 06:45:00,2748203.0,4281134.129801474,-856917.0873947645,9735778.790963208,-1532931.1298014736
1995-08-25 07:00:00,5219019.0,4750921.149891032,-609768.5668812897,10595677.639849138,468097.8501089681
1995-08-25 07:15:00,6079576.0,5357803.513141118,-307563.7549829948,11272887.835322998,721772.486858882
1995-08-25 07:30:00,6828729.0,5908328.457001016,90545.67259080024,12489150.93996031,920400.5429989845
1995-08-25 07:45:00,7724297.0,6386745.784679227,-18302.408892482785,13065856.311069334,1337551.2153207734
1995-08-25 08:00:00,9890534.0,6945107.300430719,617455.2954663963,14108709.513111504,2945426.699569281
1995-08-25 08:15:00,7260465.0,7642997.524966461,816654.0731692002,15402482.296212927,-382532.52496646065
1995-08-25 08:30:00,9045818.0,8234924.376714528,1146758.6135670564,16536249.562516255,810893.6232854724
1995-08-25 08:45:00,12327028.0,8433752.183775771,1200967.3532200677,17168690.634647902,3893275.8162242286
1995-08-25 09:00:00,12290370.0,8353431.181146996,1320605.9548041392,17356497.96151142,3936938.818853004
1995-08-25 09:15:00,8986525.0,8496528.696709076,531938.4836610362,16595543.7148236,489996.30329092406
1995-08-25 09:30:00,13737466.0,9058528.617804106,1457578.6023664493,18217597.334292527,4678937.382195894
1995-08-25 09:45:00,10512739.0,9578550.993725132,1959243.1333700689,18952414.142643932,934188.0062748678
1995-08-25 10:00:00,9616975.0,9570427.964682635,1946782.8850919954,18744971.11272355,46547.03531736508
1995-08-25 10:15:00,12489319.0,9291160.362115389,876421.4542560687,18727573.763718072,3198158.6378846113
1995-08-25 10:30:00,14512130.0,9336564.117269993,1707404.9454525046,19169608.45119075,5175565.882730007
1995-08-25 10:45:00,10821192.0,9743362.101473311,1216331.940111333,19448609.042729802,1077829.898526689
1995-08-25 11:00:00,14172703.0,10042234.737969588,1820761.4435158689,19552162.352494556,4130468.2620304115
1995-08-25 11:15:00,10821654.0,10133560.947067665,1529272.9516153827,20191757.78263837,688093.0529323351
1995-08-25 11:30:00,15649315.0,10378402.558798881,1304120.4403541442,21058494.860587876,5270912.441201119
1995-08-25 11:45:00,12109516.0,10874434.195210861,1837821.154609977,22486958.065381575,1235081.804789139
1995-08-25 12:00:00,15139154.0,11236525.808198333,1265097.9392244667,22623080.620595828,3902628.191801667
1995-08-25 12:15:00,17557123.0,11250475.698292114,1560630.5641543902,23343758.523667406,6306647.301707886
1995-08-25 12:30:00,14014784.0,11140292.55269966,636126.2502774925,22637128.859042402,2874491.447300339
1995-08-25 12:45:00,15007709.0,11136086.549720831,2226897.992277113,23094118.783595577,3871622.450279169
1995-08-25 13:00:00,10756157.0,11175612.513443977,1328869.9589812083,23057957.182183553,-419455.51344397664
1995-08-25 13:15:00,14336376.0,11167502.493285809,1681798.2617500152,23046626.45334322,3168873.5067141913
1995-08-25 13:30:00,12499388.0,11121413.195049683,1714277.0877902422,22740219.586233936,1377974.8049503174
1995-08-25 13:45:00,13594485.0,11042297.526809959,1841769.1212121013,22375444.883514468,2552187.4731900413
1995-08-25 14:00:00,12051279.0,10929383.707269058,741904.4259351075,22633274.794334836,1121895.2927309424
1995-08-25 14:15:00,14808236.0,10891584.13961669,1378234.8448633575,23213177.289064676,3916651.8603833094
1995-08-25 14:30:00,14720861.0,10978044.153558556,790892.4508990601,23142600.492550805,3742816.846441444
1995-08-25 14:45:00,11796483.0,11071260.531810375,1160762.3401625662,22816369.688174844,725222.4681896251
1995-08-25 15:00:00,11400774.0,11078711.905420776,1234209.2716036532,23207884.970444653,322062.09457922354
1995-08-25 15:15:00,13815837.0,11101389.380667664,1289578.4648068803,23656419.440426785,2714447.619332336
1995-08-25 15:30:00,14642607.0,11210585.5160684,721929.8671624006,23577657.890042312,3432021.483931599
1995-08-25 15:45:00,14192670.0,11342285.796592776,1370180.5057490135,24241234.334018074,2850384.2034072243
1995-08-25 16:00:00,12031455.0,11436325.892797101,545196.2958881217,24622451.504505064,595129.1072028987
1995-08-25 16:15:00,16406819.0,11450479.224208917,1000634.5450334699,24683666.15979264,4956339.7757910825
1995-08-25 16:30:00,12498834.0,11181099.607256036,643776.2409924631,23739114.209477827,1317734.3927439637
1995-08-25 16:45:00,12260468.0,10511157.66571143,180503.04508795997,22802112.58172772,1749310.3342885692
1995-08-25 17:00:00,12836134.0,9757111.567261491,469853.4418510342,21157477.194275055,3079022.432738509
1995-08-25 17:15:00,7477851.0,9374754.464613538,-226775.27380406487,20766185.77331445,-1896903.4646135382
1995-08-25 17:30:00,10089919.0,9294187.886580003,-513790.3092274965,21093816.722166568,795731.1134199966
1995-08-25 17:45:00,8305086.0,9069187.917861443,20893.8194323631,20035480.560797554,-764101.917861443
1995-08-25 18:00:00,8270153.0,8559691.86988715,131745.45711360849,18843634.99096717,-289538.8698871508
1995-08-25 18:15:00,7004488.0,8031313.635734402,-1014910.0203212673,18450845.957770936,-1026825.6357344016
1995-08-25 18:30:00,5619030.0,7628738.490548239,-301685.5801994135,17257315.641596965,-2009708.490548239
1995-08-25 18:45:00,9086560.0,7308612.573082695,-1170815.5101344502,16554069.959686026,1777947.4269173052
1995-08-25 19:00:00,7441992.0,7102372.700433065,-802983.7508848724,15705798.52553948,339619.2995669348
1995-08-25 19:15:00,5573165.0,7021102.775239808,-490310.64555680024,15940349.672315344,-1447937.7752398076
1995-08-25 19:30:00,7310313.0,6840273.86251972,-1043363.4211729271,15997493.532775046,470039.13748028036
1995-08-25 19:45:00,6218069.0,6488497.578754332,-1309673.190605606,15218226.624318933,-270428.5787543319
1995-08-25 20:00:00,6128809.0,6305085.424375211,-651004.8581327689,14331208.061900698,-176276.4243752109
1995-08-25 20:15:00,6582266.0,6507448.683560053,-1215847.5255261192,15521811.818833249,74817.31643994711
1995-08-25 20:30:00,6143686.0,6719027.576411708,-889795.6407029692,15689162.741481867,-575341.5764117083
1995-08-25 20:45:00,5663496.0,6570638.784101793,-1227468.0952745995,15084292.657485757,-907142.7841017926
1995-08-25 21:00:00,6865061.0,6297114.077548511,-1633930.752244368,14931003.503243906,567946.9224514887
1995-08-25 21:15:00,7575092.0,6289291.639648217,-1206463.026409476,15284025.135710116,1285800.3603517832
1995-08-25 21:30:00,8160456.0,6436496.021456323,-1793682.758901538,15316160.738228992,1723959.9785436774
1995-08-25 21:45:00,6717682.0,6457178.030263768,-836951.9370613632,15112716.875309639,260503.96973623242
1995-08-25 22:00:00,5708977.0,6371830.463117677,-1698133.7877016119,14930608.895856906,-662853.4631176768
1995-08-25 22:15:00,5108054.0,6266288.862561588,-2104610.1178096556,15118309.425651602,-1158234.8625615882
1995-08-25 22:30:00,7574326.0,6026009.920807871,-2333071.3130948176,14771661.579175092,1548316.079192129
1995-08-25 22:45:00,7104683.0,5741040.194025685,-2145779.742618689,14286886.454949219,1363642.805974315
1995-08-25 23:00:00,7028897.0,5754154.01117641,-1837214.0505234944,13782859.861843146,1274742.9888235899
1995-08-25 23:15:00,10385569.0,6018312.165697376,-1402228.05849853,15818514.370299354,4367256.834302624
1995-08-25 23:30:00,7990163.0,5987474.178798161,-1935185.7278983535,14813963.86025585,2002688.8212018386
1995-08-25 23:45:00,5896362.0,5529097.880174884,-1527572.3147618584,14421932.598241655,367264.11982511636
1995-08-26 00:00:00,6101704.0,5044125.961730301,-1880005.760849437,13329487.205212237,1057578.0382696986
1995-08-26 00:15:00,4870857.0,5080534.6280087605,-1686389.3277150937,13346471.161751105,-209677.6280087605
1995-08-26 00:30:00,2680261.0,5029316.645184949,-1991314.333243407,12963117.141476315,-2349055.645184949
1995-08-26 00:45:00,5357145.0,4577778.6706487695,-2764352.199014582,12488013.014641207,779366.3293512305
1995-08-26 01:00:00,4559857.0,4143628.746777153,-2250866.253088569,10729252.663163818,416228.2532228469
1995-08-26 01:15:00,7682964.0,4139084.811647018,-2634610.3544857395,11011038.442376273,3543879.188352982
1995-08-26 01:30:00,6544770.0,4277954.349469157,-1839742.328538992,11181460.08573543,2266815.650530843
1995-08-26 01:45:00,3000973.0,4127638.814600548,-1981887.8805054156,11194867.752366425,-1126665.8146005478
1995-08-26 02:00:00,3026809.0,3727631.54077685,-2249571.8052643435,9965455.548345903,-700822.5407768502
1995-08-26 02:15:00,3472754.0,3319868.402007114,-2305398.7002982413,9878052.608423732,152885.59799288586
1995-08-26 02:30:00,3034990.0,2916029.978800497,-2589211.9309705477,9599048.17129718,118960.02119950298
1995-08-26 02:45:00,3978245.0,2533549.2246381114,-3016602.294982667,8013040.752820429,1444695.7753618886
1995-08-26 03:00:00,2963204.0,2363810.180592141,-2923130.3554119915,7730726.911482852,599393.8194078589
1995-08-26 03:15:00,2390677.0,2464799.7145670443,-2822334.2219821145,8043334.617300415,-74122.71456704428
1995-08-26 03:30:00,3775975.0,2579849.7077442966,-2714478.443507294,8451691.473816222,1196125.2922557034
1995-08-26 03:45:00,2969463.0,2512053.289785651,-3037695.4433509787,7947169.194873276,457409.710214349
1995-08-26 04:00:00,3055043.0,2322246.2384618325,-2807049.839229543,7535260.070284423,732796.7615381675
1995-08-26 04:15:00,1337434.0,2118664.629356552,-2488508.049565648,7404081.669599918,-781230.6293565519
1995-08-26 04:30:00,2364756.0,1900956.1111695808,-3016532.273952506,6855557.76721572,463799.88883041916
1995-08-26 04:45:00,1451024.0,1725351.3102346328,-3015943.1693116515,6490416.80176735,-274327.3102346328
1995-08-26 05:00:00,1319687.0,1687976.4179094466,-3214082.5433626897,6400396.253147977,-368289.41790944664
1995-08-26 05:15:00,2142950.0,1760727.8578244247,-2998095.4199072127,6514628.31021905,382222.14217557525
1995-08-26 05:30:00,1602195.0,1805664.0454189614,-3115091.4955400308,6774598.188441198,-203469.04541896144
1995-08-26 05:45:00,1149380.0,1794833.5389818759,-3450591.7578836926,6816961.049699524,-645453.5389818759
1995-08-26 06:00:00,1135620.0,1785041.0327452142,-2999157.7321101413,6809838.018652191,-649421.0327452142
1995-08-26 06:15:00,2324937.0,1800037.5076456221,-3164548.1970343036,6759276.233060432,524899.4923543779
1995-08-26 06:30:00,1634480.0,1855238.1848453886,-3138225.3786789146,6612964.307934855,-220758.18484538863
1995-08-26 06:45:00,1457718.0,2069494.9976936737,-2872419.2172576888,7433696.084808342,-611776.9976936737
1995-08-26 07:00:00,1364766.0,2521972.2782543865,-2882712.7602431187,8343638.988833861,-1157206.2782543865
1995-08-26 07:15:00,1563829.0,3110383.2244140417,-2985245.944515368,9506836.864062173,-1546554.2244140417
1995-08-26 07:30:00,1842942.0,3643745.436153449,-2623093.670781066,10851883.749200786,-1800803.4361534491
1995-08-26 07:45:00,3536684.0,4106516.5171301807,-3065566.79725539,11762199.723188125,-569832.5171301807
1995-08-26 08:00:00,3204266.0,4648818.141329276,-2908513.3492922955,12868608.993098138,-1444552.1413292764
1995-08-26 08:15:00,5680678.0,5329481.7048087,-3168842.327996843,15386371.908841534,351196.2951913001
1995-08-26 08:30:00,5351551.0,5906149.218171731,-3418414.573967147,16281200.588640926,-554598.2181717306
1995-08-26 08:45:00,3511024.0,6095351.331159001,-2892186.2692755708,16170069.953706348,-2584327.331159001
1995-08-26 09:00:00,3851780.0,6009593.657415465,-3088526.8801361118,16150713.507418402,-2157813.6574154655
1995-08-26 09:15:00,5675913.0,6145043.524943034,-3713878.97443868,17137905.253576845,-469130.52494303416
1995-08-26 09:30:00,4379835.0,6694696.673836048,-3352932.1960161957,18503601.014297143,-2314861.6738360478
1995-08-26 09:45:00,3855350.0,7203553.542478485,-3508960.168145413,20008176.30102413,-3348203.542478485
1995-08-26 10:00:00,3267528.0,7191652.082604629,-3292004.239985877,20150800.42058179,-3924124.082604629
1995-08-26 10:15:00,2601941.0,6912722.463848024,-3678381.7571697854,19339645.427199833,-4310781.463848024
1995-08-26 10:30:00,4101596.0,6954985.630768755,-4147732.5128387604,18694629.186856,-2853389.6307687555
1995-08-26 10:45:00,4515476.0,7354698.647411727,-3961621.375770071,20029341.896127366,-2839222.6474117273
1995-08-26 11:00:00,3701882.0,7648533.082472901,-4032740.5035869144,20948890.361314055,-3946651.082472901
1995-08-26 11:15:00,5032263.0,7738143.72073011,-4762450.726893518,21762275.883162253,-2705880.72073011
1995-08-26 11:30:00,3161895.0,7979988.507259761,-4330548.808040793,21862326.49845096,-4818093.507259761
1995-08-26 11:45:00,4330220.0,8470497.818542812,-4743226.562237654,23774117.879496902,-4140277.818542812
1995-08-26 12:00:00,4105411.0,8829460.632601636,-5220375.9242783,24187906.568239745,-4724049.6326016355
1995-08-26 12:15:00,6096090.0,8845414.02835476,-4655754.847822764,24334196.932993952,-2749324.0283547603
1995-08-26 12:30:00,4036151.0,8739510.351103289,-4000254.7885392285,25003569.12129459,-4703359.351103289
1995-08-26 12:45:00,4986234.0,8738923.723920496,-5289517.433456074,24483619.860793695,-3752689.723920496
1995-08-26 13:00:00,3492652.0,8782205.708026005,-4561669.591879565,24689972.210992653,-5289553.708026005
1995-08-26 13:15:00,6644194.0,8779157.317453453,-5241104.368376743,24485540.52887621,-2134963.3174534533
1995-08-26 13:30:00,6607969.0,8739313.716897558,-5346684.011050759,24944005.86303544,-2131344.7168975584
1995-08-26 13:45:00,5778790.0,8667566.046872597,-4977247.221836583,24798911.41675359,-2888776.046872597
1995-08-26 14:00:00,6615295.0,8563153.617423791,-6139585.069753227,25388427.149751823,-1947858.6174237914
1995-08-26 14:15:00,9178815.0,8533597.584838327,-5850868.3473954275,23392772.85472959,645217.415161673
1995-08-26 14:30:00,6660351.0,8627415.099820925,-4730517.312323542,24517996.219092052,-1967064.099820925
1995-08-26 14:45:00,6880124.0,8728604.943282466,-5941283.197995326,24607888.275339562,-1848480.9432824664
1995-08-26 15:00:00,6741411.0,8745828.795451444,-5426075.399695714,25734297.972426977,-2004417.7954514436
1995-08-26 15:15:00,6889413.0,8778786.215285433,-5913444.343212221,25302004.04300992,-1889373.2152854335
1995-08-26 15:30:00,7195215.0,8897857.119142722,-5308618.249764993,25002905.974624965,-1702642.1191427223
1995-08-26 15:45:00,7942261.0,9039844.552795816,-6764746.180948743,25497503.889747992,-1097583.5527958162
1995-08-26 16:00:00,7049896.0,9145352.630114209,-7116057.152505367,26604125.77636703,-2095456.630114209
1995-08-26 16:15:00,5105018.0,9172693.7920871,-5842863.10014497,26723345.704750665,-4067675.7920871004
1995-08-26 16:30:00,8338053.0,8920826.732427267,-6298746.268770344,25590082.829511188,-582773.7324272674
1995-08-26 16:45:00,8152525.0,8274219.368499609,-5965649.867293834,25044437.62780354,-121694.36849960871
1995-08-26 17:00:00,6002193.0,7545278.371772482,-5124666.687550405,22807964.87723361,-1543085.371772482
1995-08-26 17:15:00,4263290.0,7183959.005138001,-5689283.891432471,20946978.336957388,-2920669.0051380014
1995-08-26 17:30:00,6510458.0,7121252.933524861,-5622855.161385624,21328254.22034734,-610794.933524861
1995-08-26 17:45:00,4923018.0,6916646.013823852,-5920769.7418189375,20824770.767948378,-1993628.013823852
1995-08-26 18:00:00,5349779.0,6431866.662768487,-4986896.557591898,19856920.729044568,-1082087.662768487
1995-08-26 18:15:00,6125295.0,5929123.801238034,-4917890.255580299,17473288.137563128,196171.19876196608
1995-08-26 18:30:00,6412342.0,5551244.923415381,-4897652.145364106,16772676.655992419,861097.0765846185
1995-08-26 18:45:00,6783895.0,5255426.529507764,-4247992.554308009,16095960.445283882,1528468.4704922363
1995-08-26 19:00:00,9155567.0,5072697.338138806,-4767639.259467326,15008490.363613343,4082869.6618611943
1995-08-26 19:15:00,5905431.0,5013993.498821177,-4695505.957391642,15498576.776725218,891437.5011788234
1995-08-26 19:30:00,8109172.0,4857658.173414358,-3842402.604540642,14846535.03538088,3251513.826585642
1995-08-26 19:45:00,6507286.0,4533213.004024762,-4919391.8989443565,14075046.19765372,1974072.9959752383
1995-08-26 20:00:00,4610148.0,4375613.705182033,-3880844.888581652,13808693.113098804,234534.29481796734
1995-08-26 20:15:00,6411504.0,4599476.369394022,-4747340.915219194,14545661.531326376,1812027.630605978
1995-08-26 20:30:00,6083175.0,4833062.183057892,-5015095.077848978,15639477.220597561,1250112.8169421079
1995-08-26 20:45:00,7112201.0,4711916.459495654,-4491796.067992416,14449304.264487939,2400284.5405043457
1995-08-26 21:00:00,5360431.0,4467853.005943124,-4442495.727452989,14293435.642209725,892577.9940568758
1995-08-26 21:15:00,5596381.0,4486688.485875464,-4761475.253868961,14618576.509757346,1109692.514124536
1995-08-26 21:30:00,7866899.0,4659158.535555539,-4748590.665791866,15376035.004717862,3207740.4644444613
1995-08-26 21:45:00,5915382.0,4707318.515189267,-4985992.593945033,14990483.262168486,1208063.4848107332
1995-08-26 22:00:00,7620784.0,4651390.489620131,-4754308.351060914,14340348.969808444,2969393.5103798686
1995-08-26 22:15:00,8768329.0,4576100.010864845,-4575194.109795451,14797743.507680308,4192228.9891351555
1995-08-26 22:30:00,8239588.0,4368365.608038803,-5043871.121165838,13818887.438673824,3871222.3919611974
1995-08-26 22:45:00,5875720.0,4117069.0674041645,-4981929.758715163,13588396.219389852,1758650.9325958355
1995-08-26 23:00:00,8253673.0,4160573.371023796,-4660768.201734056,13565759.624411339,4093099.628976204
1995-08-26 23:15:00,10688086.0,4452432.227562478,-4890407.933379762,14570375.530870242,6235653.772437522
1995-08-26 23:30:00,8595437.0,4453608.317155342,-5048777.161511587,14656541.447073342,4141828.6828446584
1995-08-26 23:45:00,6510851.0,4033253.589338854,-5164522.646609031,13547948.161130594,2477597.410661146
1995-08-27 00:00:00,7477311.0,3806884.8315580436,-4598585.146645097,12801023.717809081,3670426.1684419564
1995-08-27 00:15:00,7452195.0,3875926.9865028136,-4664036.166629157,12851683.483246794,3576268.0134971864
1995-08-27 00:30:00,7701895.0,3858950.7256026315,-4529762.14663974,13130219.726852475,3842944.2743973685
1995-08-27 00:45:00,7316392.0,3447271.4179823836,-4188718.015181216,11996908.388296822,3869120.5820176164
1995-08-27 01:00:00,5811739.0,3053217.4178783777,-4890368.68773202,10654623.152839318,2758521.5821216223
1995-08-27 01:15:00,6329772.0,3083694.4477126114,-4549940.216949695,10536718.995030038,3246077.5522873886
1995-08-27 01:30:00,4432389.0,3256176.1211170265,-4682558.200050484,11732516.179326212,1176212.8788829735
1995-08-27 01:45:00,5045319.0,3143614.763935826,-4349657.153339155,11529742.719060091,1901704.2360641742
1995-08-27 02:00:00,4281025.0,2784984.6954035284,-4275716.919090435,10089367.415324448,1496040.3045964716
1995-08-27 02:15:00,4682446.0,2419097.8594941576,-3963745.661998319,9589753.044945374,2263348.1405058424
1995-08-27 02:30:00,2431067.0,2057471.6445879962,-4319936.013852857,8314166.326247909,373595.3554120038
1995-08-27 02:45:00,4585063.0,1717301.492630357,-3950263.111598004,7168173.915615916,2867761.507369643
1995-08-27 03:00:00,3875965.0,1587494.8259070644,-3851357.3926795996,7053136.394457467,2288470.1740929354
1995-08-27 03:15:00,3063469.0,1725277.4399074065,-3847027.773746151,7344557.829619971,1338191.5600925935
1995-08-27 03:30:00,2823215.0,1877270.2872652558,-3785506.2366342833,7526109.585005014,945944.7127347442
1995-08-27 03:45:00,1590639.0,1849087.7017174626,-3868118.2055560555,7952887.797682333,-258448.70171746262
1995-08-27 04:00:00,1630434.0,1700768.87091683,-4014823.576427588,7839909.8347716825,-70334.87091682991
1995-08-27 04:15:00,2257341.0,1539142.2203933743,-4106640.4661305095,7049856.13192245,718198.7796066257
1995-08-27 04:30:00,1966735.0,1363845.5001388553,-3968030.518833146,6692676.358343011,602889.4998611447
1995-08-27 04:45:00,2437670.0,1230370.355158538,-3613408.45210492,6156864.81012098,1207299.644841462
1995-08-27 05:00:00,3759127.0,1233589.4299825684,-4034067.0467566056,6399361.515242911,2525537.570017432
1995-08-27 05:15:00,2657765.0,1345745.5671060516,-3986667.1928831143,6758785.2384,1312019.4328939484
1995-08-27 05:30:00,3786954.0,1430659.173970407,-4023745.4060224607,6696591.9403678235,2356294.826029593
1995-08-27 05:45:00,2992306.0,1460723.9311397672,-3787367.931113827,6591213.56148387,1531582.0688602328
1995-08-27 06:00:00,4608467.0,1491997.1293703278,-3639403.2147351583,6768844.1398647,3116469.870629672
1995-08-27 06:15:00,4474018.0,1547907.9716796505,-3757013.23532238,6902406.58664383,2926110.0283203498
1995-08-27 06:30:00,3590451.0,1643657.0978113199,-3902283.464180954,7096360.59368651,1946793.9021886801
1995-08-27 06:45:00,2875235.0,1896547.707563119,-4233257.548323371,8240011.647439559,978687.292436881
1995-08-27 07:00:00,3621990.0,2384706.3498741644,-4660696.143621627,9084066.819209697,1237283.6501258356
1995-08-27 07:15:00,3537192.0,3007148.4264846933,-4967321.382261568,11392199.10395504,530043.5735153067
1995-08-27 07:30:00,2615754.0,3575338.6417839583,-5723633.606573413,12992614.925201712,-959584.6417839583
1995-08-27 07:45:00,1509433.0,4073919.235372456,-5923199.467764493,14483098.923303459,-2564486.235372456
1995-08-27 08:00:00,2245820.0,4651058.6908425735,-6679721.321886797,16783918.69877098,-2405238.6908425735
1995-08-27 08:15:00,3172330.0,5364812.336559668,-7607444.953366189,19053194.890059743,-2192482.336559668
1995-08-27 08:30:00,2434865.0,5975933.461794961,-8128504.145284039,20957428.409436107,-3541068.4617949612
1995-08-27 08:45:00,4029736.0,6204596.365795842,-8262464.375469496,22808092.227655392,-2174860.3657958424
1995-08-27 09:00:00,4138520.0,6161839.522846164,-8978269.873400016,21475174.356017128,-2023319.5228461642
1995-08-27 09:15:00,4241314.0,6337407.908992859,-7821737.530647281,22243931.79170478,-2096093.9089928586
1995-08-27 09:30:00,3573627.0,6921786.943887298,-9562857.413882928,24932152.436173275,-3348159.943887298
1995-08-27 09:45:00,5372021.0,7465835.472258827,-10234258.954725657,26743469.648842156,-2093814.4722588267
1995-08-27 10:00:00,2823895.0,7495775.477524495,-10909999.660179317,27073466.511090994,-4671880.477524495
1995-08-27 10:15:00,3240319.0,7262044.902732681,-10759066.255111149,26094222.236103013,-4021725.9027326806
1995-08-27 10:30:00,4793783.0,7345248.368251165,-10612806.482955737,27071190.397558488,-2551465.3682511654
1995-08-27 10:45:00,5476200.0,7781156.032609564,-11370873.732162008,28420884.055611752,-2304956.0326095643
1995-08-27 11:00:00,4367260.0,8112409.762977535,-10669912.110363984,29606037.61575427,-3745149.762977535
1995-08-27 11:15:00,2502607.0,8241919.625033823,-12335881.038365219,29662608.823330026,-5739312.625033823
1995-08-27 11:30:00,4818950.0,8521519.37023731,-12145471.035810893,29799353.94229866,-3702569.3702373095
1995-08-27 11:45:00,2824423.0,9046375.1077671,-13456586.967319231,33905989.68447124,-6221952.1077670995
1995-08-27 12:00:00,5600203.0,9441175.118834872,-13838601.042122792,34629055.6639043,-3840972.118834872
1995-08-27 12:15:00,4269527.0,9497175.847650295,-14056704.993095458,34175115.62655742,-5227648.847650295
1995-08-27 12:30:00,4758900.0,9432654.206515372,-13562938.779899051,34425913.08574729,-4673754.206515372
1995-08-27 12:45:00,3647666.0,9471829.50493858,-13608722.396686971,34576024.39755028,-5824163.50493858
1995-08-27 13:00:00,5558793.0,9554031.627340902,-13884282.026321376,34865991.75727096,-3995238.6273409016
1995-08-27 13:15:00,5835776.0,9590212.493813794,-13907721.448760897,35525248.399183735,-3754436.493813794
1995-08-27 13:30:00,5160103.0,9589768.035715573,-14767623.21045721,35987004.85348843,-4429665.035715573
1995-08-27 13:45:00,8229297.0,9557510.31092919,-14523115.167317916,35352003.20173503,-1328213.3109291904
1995-08-27 14:00:00,8139391.0,9492672.793642333,-14527477.663074957,35638551.4065878,-1353281.7936423328
1995-08-27 14:15:00,2201657.0,9501368.864481963,-15444323.6674812,34895187.048123464,-7299711.864481963
1995-08-27 14:30:00,2750190.0,9631471.374961857,-13663878.607795918,35626180.09135389,-6881281.374961857
1995-08-27 14:45:00,4537592.0,9768465.402896002,-15537246.04946342,36504144.1715965,-5230873.402896002
1995-08-27 15:00:00,5255781.0,9822180.40546083,-15859544.543557495,36232186.476242475,-4566399.405460831
1995-08-27 15:15:00,4989649.0,9891009.560371256,-16067236.655961744,37889079.27862722,-4901360.5603712555
1995-08-27 15:30:00,5500141.0,10044405.756236896,-15804198.495293371,37903960.96030646,-4544264.756236896
1995-08-27 15:45:00,5174414.0,10219975.672127,-17220440.512067974,38843855.063173234,-5045561.672126999
1995-08-27 16:00:00,5813175.0,10359078.403844366,-16770056.793411795,38193834.90450147,-4545903.403844366
1995-08-27 16:15:00,4764067.0,10420552.42871322,-16523531.50143358,40224992.74038469,-5656485.428713219
1995-08-27 16:30:00,5998583.0,10205948.816922689,-17350642.910208162,39456435.129732735,-4207365.816922689
1995-08-27 16:45:00,6495099.0,9601220.771818133,-15869322.014779879,36594137.02261487,-3106121.771818133
1995-08-27 17:00:00,4693987.0,8914711.962284656,-14317380.616660342,34618856.57077381,-4220724.962284656
1995-08-27 17:15:00,4720786.0,8590528.764225265,-14516948.421460258,33056144.14104408,-3869742.764225265
1995-08-27 17:30:00,6849636.0,8560542.498804072,-15093082.973963536,33836608.78519772,-1710906.498804072
1995-08-27 17:45:00,4438258.0,8389938.839828176,-14006626.39811665,32828165.239741188,-3951680.8398281764
1995-08-27 18:00:00,5653532.0,7942227.886065479,-13213448.702400433,31273715.869873542,-2288695.8860654794
1995-08-27 18:15:00,8968177.0,7476204.701611058,-13621338.46064739,29071628.43320058,1491972.2983889421
1995-08-27 18:30:00,4092294.0,7132830.661183175,-12530464.516633434,28153148.438683983,-3040536.6611831747
1995-08-27 18:45:00,7160255.0,6869844.839565665,-12464559.533846991,27212912.381239202,290410.16043433454
1995-08-27 19:00:00,8820283.0,6717860.628719903,-11335834.246662624,26930134.484261762,2102422.3712800974
1995-08-27 19:15:00,6313496.0,6687659.760794663,-12272447.857840464,26308448.41762876,-374163.76079466287
1995-08-27 19:30:00,6355588.0,6560451.40002655,-12218350.21264344,26269401.189229123,-204863.40002654959
1995-08-27 19:45:00,6081276.0,6266661.694964065,-11996399.461985374,25141545.4582196,-185385.69496406522
1995-08-27 20:00:00,10046052.0,6136885.634990854,-11401710.460753605,25374513.216002915,3909166.365009146
1995-08-27 20:15:00,5857779.0,6382939.766521921,-11217394.650079824,25509204.652181394,-525160.7665219214
1995-08-27 20:30:00,9580104.0,6637902.476818648,-12162983.774176348,26317040.58285574,2942201.523181352
1995-08-27 20:45:00,10269592.0,6542044.539585652,-12571664.321570437,25835608.112053484,3727547.460414348
1995-08-27 21:00:00,6867970.0,6324159.22324401,-11822305.470195264,25458920.89286265,543810.7767559905
1995-08-27 21:15:00,6026322.0,6365039.697370881,-13318185.952782264,25678215.426057592,-338717.6973708812
1995-08-27 21:30:00,6822854.0,6556831.31252935,-12413141.59813802,26306383.67806917,266022.6874706503
1995-08-27 21:45:00,7160631.0,6625193.2172280615,-12394785.005648546,27065599.58460831,535437.7827719385
1995-08-27 22:00:00,5952209.0,6590076.588510571,-11919861.13853564,27601745.066756226,-637867.588510571
1995-08-27 22:15:00,7219497.0,6535097.443067983,-13372455.384833382,26223317.330588747,684399.5569320172
1995-08-27 22:30:00,4763862.0,6348637.215183077,-13077771.4793289,26194002.096478757,-1584775.2151830774
1995-08-27 22:45:00,6094645.0,6118414.603571111,-11947775.38498891,25431987.135818988,-23769.603571111336
1995-08-27 23:00:00,4882076.0,6178383.541170118,-12546877.988952903,26219452.598577805,-1296307.5411701184
1995-08-27 23:15:00,6539514.0,6482693.565868097,-13310150.139935423,27123934.166522555,56820.43413190264
1995-08-27 23:30:00,7310306.0,6499314.047777712,-13307955.234117262,26731645.012701377,810991.9522222877
1995-08-27 23:45:00,6396820.0,6099095.20325489,-11907054.217454366,24948887.743063353,297724.7967451103
1995-08-28 00:00:00,4527740.0,6284689.186891258,-12681629.870043589,25782494.393903717,-1756949.1868912578
1995-08-28 00:15:00,4569299.0,6365837.55360024,-13073852.612898769,25687469.63293561,-1796538.5536002396
1995-08-28 00:30:00,5353629.0,6361275.874008956,-13612362.532045797,27241560.097234387,-1007646.8740089564
1995-08-28 00:45:00,3812161.0,5966334.837951459,-12383907.036873503,24655124.076605305,-2154173.837951459
1995-08-28 01:00:00,7539105.0,5587970.332532583,-11793445.462780558,23974155.891626976,1951134.6674674172
1995-08-28 01:15:00,3883092.0,5627783.696137248,-11188692.644000173,23733018.04678583,-1744691.6961372476
1995-08-28 01:30:00,3243407.0,5806923.1111731045,-11451411.519771392,25212668.873403814,-2563516.1111731045
1995-08-28 01:45:00,3615241.0,5703900.819913612,-11931779.994313002,24365757.835437097,-2088659.8199136117
1995-08-28 02:00:00,3601880.0,5357181.774030681,-11670774.166539114,22783493.504183806,-1755301.7740306808
1995-08-28 02:15:00,6753855.0,5002464.233613684,-9824863.766608976,21150703.130803615,1751390.7663863162
1995-08-28 02:30:00,4046494.0,4651113.236762216,-9958030.838688467,20074784.899184152,-604619.2367622163
1995-08-28 02:45:00,1750354.0,4320098.146569815,-9182250.566589369,18987636.062133778,-2569744.1465698155
1995-08-28 03:00:00,4897617.0,4195861.786532776,-9390558.073852655,18092870.52304329,701755.2134672236
1995-08-28 03:15:00,4471689.0,4334881.4822324775,-9674189.617362048,18397124.377770845,136807.51776752248
1995-08-28 03:30:00,4127794.0,4487080.437317651,-9719138.380214203,19458103.37578633,-359286.43731765077
1995-08-28 03:45:00,3543821.0,4460607.941270887,-9527553.760235725,18893452.56263777,-916786.9412708869
1995-08-28 04:00:00,3859393.0,4314720.909579316,-9567812.836343523,18646749.54201287,-455327.90957931615
1995-08-28 04:15:00,3594854.0,4154854.996137766,-9200220.77626542,17807410.292650037,-560000.9961377662
1995-08-28 04:30:00,3839854.0,3980653.484528259,-9349833.017694334,18103790.280016564,-140799.4845282589
1995-08-28 04:45:00,2555182.0,3846885.0180005226,-8730173.132453853,17249432.905421972,-1291703.0180005226
1995-08-28 05:00:00,2165000.0,3847185.2144484585,-8901268.457688397,16484217.534765942,-1682185.2144484585
1995-08-28 05:15:00,5144978.0,3954160.388265349,-9513494.27037519,17630594.51856853,1190817.611734651
1995-08-28 05:30:00,3142886.0,4033410.517785772,-8801815.931446271,17753528.24815156,-890524.5177857722
1995-08-28 05:45:00,4881152.0,4057692.5018744306,-9891314.91114486,17280996.75771808,823459.4981255694
1995-08-28 06:00:00,3838347.0,4082334.8337545,-9361998.650540013,19030938.779042706,-243987.8337544999
1995-08-28 06:15:00,4998538.0,4130464.0452012606,-9574322.949178746,18268263.25814398,868073.9547987394
1995-08-28 06:30:00,4183905.0,4217085.793204,-10715765.06614891,18362591.876415946,-33180.79320400022
1995-08-28 06:45:00,4427521.0,4457974.625929166,-10955293.873365521,20510643.664288715,-30453.62592916563
1995-08-28 07:00:00,6400144.0,4930239.86485286,-11119776.948065573,21803356.145349655,1469904.1351471404
1995-08-28 07:15:00,5595430.0,5534220.134936085,-12508135.496947194,24985825.924064755,61209.86506391503
1995-08-28 07:30:00,5277780.0,6083848.719080366,-14259089.862214206,25944931.204628646,-806068.7190803662
1995-08-28 07:45:00,7504586.0,6563974.4104921715,-15224370.298662793,28825166.394570332,940611.5895078285
1995-08-28 08:00:00,4894255.0,7120834.853453764,-16358480.651681326,31867885.750253975,-2226579.8534537638
1995-08-28 08:15:00,5781455.0,7811732.082876365,-19032086.27678221,34784567.90813891,-2030277.0828763647
1995-08-28 08:30:00,5117967.0,8400553.852657747,-19522096.06531005,37628489.6651811,-3282586.8526577465
1995-08-28 08:45:00,7889928.0,8611141.69812697,-19362543.9653124,38820191.19901951,-721213.6981269699
1995-08-28 09:00:00,5420884.0,8553090.930027265,-20117150.235515315,38595136.5653048,-3132206.930027265
1995-08-28 09:15:00,8306034.0,8709748.526312025,-20845973.394606277,39168131.76917087,-403714.52631202526
1995-08-28 09:30:00,9387892.0,9269114.304950176,-21909416.606960475,41587823.062756605,118777.6950498242
1995-08-28 09:45:00,13027807.0,9787930.590008844,-22895457.482366584,44172743.983406104,3239876.4099911563
1995-08-28 10:00:00,9220092.0,9798628.810592612,-23525515.012665488,46165339.780140154,-578536.8105926123
1995-08-28 10:15:00,7543398.0,9548380.426049031,-22804950.834198605,44211866.24112642,-2004982.4260490313
1995-08-28 10:30:00,7014000.0,9610199.791424915,-23178129.81438339,44170406.6768386,-2596199.791424915
1995-08-28 10:45:00,10542786.0,10019396.521756018,-24282388.387955997,46325020.49477305,523389.4782439824
1995-08-28 11:00:00,7376652.0,10324609.434847634,-25430552.8328201,47309698.04268073,-2947957.4348476343
1995-08-28 11:15:00,11674943.0,10430030.806110432,-25220724.983764615,47413448.54045626,1244912.1938895676
1995-08-28 11:30:00,10219005.0,10682897.38582373,-26899007.214226674,48260487.53383011,-463892.3858237304
1995-08-28 11:45:00,11220104.0,11177138.457825262,-27354898.921854477,52410178.796093844,42965.5421747379
1995-08-28 12:00:00,7745075.0,11542369.284744732,-27194165.923318144,53796927.46356786,-3797294.284744732
1995-08-28 12:15:00,10678527.0,11572593.576598516,-30206203.23128732,53861354.96475707,-894066.5765985157
1995-08-28 12:30:00,8884237.0,11483240.921090692,-27835465.140373785,52904603.336158805,-2599003.9210906923
1995-08-28 12:45:00,17792626.0,11495604.117018655,-28749448.100566182,53049422.03817624,6297021.882981345
1995-08-28 13:00:00,12875907.0,11549819.854314396,-28341236.902076498,54187020.32833103,1326087.1456856038
1995-08-28 13:15:00,14308659.0,11558019.607096715,-30820594.63190586,54330796.015501104,2750639.392903285
1995-08-28 13:30:00,11092931.0,11529488.87230864,-28681916.339516614,53831559.372974694,-436557.8723086398
1995-08-28 13:45:00,9673698.0,11468989.560682125,-29531747.786155645,53880952.28759797,-1795291.5606821254
1995-08-28 14:00:00,7839570.0,11375778.367656486,-28997899.24355346,53290645.872815244,-3536208.367656486
1995-08-28 14:15:00,9696595.0,11354590.062521521,-28204981.915577922,53622869.033811025,-1657995.062521521
1995-08-28 14:30:00,11593460.0,11452682.454297405,-29236084.69937826,55135770.16877358,140777.54570259526
1995-08-28 14:45:00,12526373.0,11557056.251917897,-30102608.9944425,54857675.673245974,969316.7480821032
1995-08-28 15:00:00,11018875.0,11578738.086230861,-31328633.392660335,54904500.022816375,-559863.086230861
1995-08-28 15:15:00,11382324.0,11614844.198290087,-29436581.16241941,55647277.659366645,-232520.19829008728
1995-08-28 15:30:00,12290045.0,11733929.926515667,-30967908.30794674,56662562.76078244,556115.0734843332
1995-08-28 15:45:00,12760920.0,11874435.077981258,-31382929.454258442,56092850.76496962,886484.9220187422
1995-08-28 16:00:00,10230410.0,11978503.228766145,-31694762.256511096,58044936.81039796,-1748093.2287661452
1995-08-28 16:15:00,13043370.0,12005528.378270566,-31668948.249165636,57206734.97053006,1037841.6217294335
1995-08-28 16:30:00,11090164.0,11759683.431950651,-31317364.54806255,56148785.58616978,-669519.4319506511
1995-08-28 16:45:00,12961400.0,11128436.29565707,-29639119.64169803,54843855.47347815,1832963.7043429296
1995-08-28 17:00:00,10528112.0,10416096.995250171,-28727806.300416667,50365567.62865283,112015.00474982895
1995-08-28 17:15:00,8538151.0,10060952.307674117,-25622469.23481606,49260411.462582484,-1522801.3076741174
1995-08-28 17:30:00,11705976.0,9995782.411019728,-26670437.42219653,48851227.02451737,1710193.5889802724
1995-08-28 17:45:00,9982730.0,9791501.895415945,-26220992.874194782,47486270.60665984,191228.10458405502
1995-08-28 18:00:00,7156311.0,9313431.52463457,-26254239.30081266,45931383.60778206,-2157120.52463457
1995-08-28 18:15:00,7443416.0,8816981.358038623,-23589941.86209949,42287636.008595,-1373565.358038623
1995-08-28 18:30:00,6898969.0,8441275.356924864,-23075495.62474631,41387949.57280781,-1542306.3569248635
1995-08-28 18:45:00,6733292.0,8144623.717150385,-23177367.75300482,39354151.06318188,-1411331.7171503846
1995-08-28 19:00:00,4901694.0,7957252.875227824,-21774406.514273297,39703112.025119744,-3055558.875227824
1995-08-28 19:15:00,4851674.0,7889818.328697361,-22411740.740313806,40290929.34300464,-3038144.328697361
1995-08-28 19:30:00,8270972.0,7726423.223756384,-21845451.307476185,38011834.00340939,544548.7762436159
1995-08-28 19:45:00,6743893.0,7398425.977407437,-20259930.327702105,36828742.00501365,-654532.9774074368
1995-08-28 20:00:00,6093586.0,7232088.3849248495,-19958569.08026108,35834845.26283471,-1138502.3849248495
1995-08-28 20:15:00,6744495.0,7436454.732787075,-21038425.4075006,37343700.22809609,-691959.7327870755
1995-08-28 20:30:00,6778986.0,7649447.636263144,-22402434.20513673,38738188.03663031,-870461.6362631442
1995-08-28 20:45:00,7382617.0,7516090.084355032,-21156054.88259624,38253839.574897155,-133473.08435503207
1995-08-28 21:00:00,6508730.0,7262181.27605993,-20464682.236709904,36796836.990653,-753451.2760599302
1995-08-28 21:15:00,6767189.0,7263517.05752193,-21105531.935045768,37988962.591551855,-496328.05752192996
1995-08-28 21:30:00,7763340.0,7413678.352177724,-22348841.95150197,37065891.97140117,349661.64782227576
1995-08-28 21:45:00,6424622.0,7441953.630789438,-21675476.676,37856299.36976918,-1017331.6307894383
1995-08-28 22:00:00,5565384.0,7368048.378952958,-21634795.677020222,37410270.521114685,-1802664.3789529577
1995-08-28 22:15:00,5334100.0,7274493.924722732,-21401791.8940623,36822172.51590601,-1940393.924722732
1995-08-28 22:30:00,4445847.0,7051159.092073855,-20753214.063550133,36250331.08142699,-2605312.092073855
1995-08-28 22:45:00,4748763.0,6784623.6024550805,-20653828.53037299,35696612.65115507,-2035860.6024550805
1995-08-28 23:00:00,7057394.0,6804456.064135987,-19866805.133660644,35200965.36242267,252937.9358640127
1995-08-28 23:15:00,6326596.0,7065425.171273786,-20495997.161674175,35487484.33803128,-738829.1712737856
1995-08-28 23:30:00,6083242.0,7042529.901508608,-20366734.112475544,35931159.21858036,-959287.9015086079
1995-08-28 23:45:00,6178250.0,6608341.236356717,-20271850.08579508,34500000.54484781,-430091.2363567166
1995-08-29 00:00:00,3848551.0,6362366.641626918,-19082154.32877588,32427888.330721885,-2513815.6416269178
1995-08-29 00:15:00,5671682.0,6403398.726358127,-20121931.28387864,32936543.235297207,-731716.7263581268
1995-08-29 00:30:00,6108561.0,6359948.440207781,-19804664.87010597,33966980.123150036,-251387.44020778127
1995-08-29 00:45:00,3763066.0,5931382.505322195,-18797307.799878698,30659518.79759615,-2168316.5053221947
1995-08-29 01:00:00,4087344.0,5519304.581302027,-16533445.572087443,29205628.700202063,-1431960.5813020272
1995-08-29 01:15:00,6330816.0,5520031.380951888,-16754091.324644173,29577839.585646767,810784.6190481121
1995-08-29 01:30:00,4387670.0,5658404.923272939,-17851948.42268078,30296975.984795973,-1270734.9232729394
1995-08-29 01:45:00,5765429.0,5518516.134777069,-17735427.304560833,28909088.97874094,246912.8652229309
1995-08-29 02:00:00,3522570.0,5138338.859662726,-16032355.093909658,26881099.40386747,-1615768.8596627256
1995-08-29 02:15:00,2502795.0,4750475.416935305,-15621411.606900994,25118646.34861266,-2247680.416935305
1995-08-29 02:30:00,3370203.0,4366155.712598869,-14055099.687610878,23841920.446559336,-995952.7125988686
1995-08-29 02:45:00,3197052.0,4002139.716622615,-12571451.597249603,21076746.077229433,-805087.7166226148
1995-08-29 03:00:00,4315800.0,3842421.799035973,-12189548.664430184,21062079.65519325,473378.2009640271
1995-08-29 03:15:00,3509192.0,3942746.4136753487,-12633720.281818122,20550107.33422616,-433554.41367534874
1995-08-29 03:30:00,4355781.0,4056354.0592405894,-13783534.70671423,21767064.377951,299426.9407594106
1995-08-29 03:45:00,4959382.0,3993943.4643218727,-12755860.644519605,21193476.687296577,965438.5356781273
1995-08-29 04:00:00,5920990.0,3814003.1887192396,-12435493.111930277,20452923.2207357,2106986.8112807604
1995-08-29 04:15:00,3711621.0,3620589.458331072,-11984085.13826839,20156947.305227585,91031.54166892823
1995-08-29 04:30:00,4073931.0,3413363.855596326,-11304437.141502814,18442226.867041517,660567.1444036742
1995-08-29 04:45:00,4050193.0,3246384.2038552184,-10625002.736371635,17966042.082819007,803808.7961447816
1995-08-29 05:00:00,6046552.0,3212060.687639648,-10985409.778948652,17472851.402498793,2834491.312360352
1995-08-29 05:15:00,4814814.0,3283374.0935578295,-11151684.137805225,18212134.629860673,1531439.9064421705
1995-08-29 05:30:00,6671741.0,3327714.373742026,-11316328.909822335,18766405.594899867,3344026.626257974
1995-08-29 05:45:00,9164462.0,3318211.4475540435,-10604364.949484773,18725505.518419698,5846250.5524459565
1995-08-29 06:00:00,7219504.0,3309474.207775354,-11090838.346279487,18388506.020793308,3910029.792224646
1995-08-29 06:15:00,5489889.0,3324335.1044938844,-11362908.153028464,18256688.75155751,2165553.8955061156
1995-08-29 06:30:00,5038946.0,3377612.7907719845,-10940728.385848634,19373419.73050154,1661333.2092280155
1995-08-29 06:45:00,4568315.0,3583560.5288053923,-12991022.735649958,20498214.01057228,984754.4711946077
1995-08-29 07:00:00,5694159.0,4018277.1626944053,-13872935.25043971,23132622.09322016,1675881.8373055947
1995-08-29 07:15:00,5121813.0,4583430.674080688,-14859324.35332898,25984482.606964033,538382.3259193124
1995-08-29 07:30:00,6899189.0,5095428.438733315,-17701504.356272273,28295431.582001902,1803760.561266685
1995-08-29 07:45:00,6376570.0,5539330.69812334,-20106356.02653413,30591015.90710384,837239.3018766604
1995-08-29 08:00:00,6912220.0,6059448.531995299,-20414423.808417175,34533256.6847011,852771.4680047007
1995-08-29 08:15:00,8847459.0,6712334.335019509,-24518384.937043604,36964833.033202074,2135124.6649804907
1995-08-29 08:30:00,7534345.0,7265013.357977143,-24495959.825430594,40012497.87023357,269331.64202285744
1995-08-29 08:45:00,8374546.0,7444996.784421843,-25367403.539771657,41640449.560069636,929549.2155781575
1995-08-29 09:00:00,8610715.0,7360438.553111594,-26804812.318260465,40787793.41246313,1250276.4468884058
1995-08-29 09:15:00,10959856.0,7488288.816142911,-25479835.616537407,41118973.16787786,3471567.183857089
1995-08-29 09:30:00,9641829.0,8014062.344846587,-29757167.143019967,45873927.82720038,1627766.6551534133
1995-08-29 09:45:00,8842712.0,8500384.880770369,-29745291.978928935,48350373.32040642,342327.1192296315
1995-08-29 10:00:00,11990687.0,8485896.623039402,-28526367.750242524,47056532.87350526,3504790.376960598
1995-08-29 10:15:00,10377203.0,8214501.2595808385,-27977423.154008005,45126840.14269339,2162701.7404191615
1995-08-29 10:30:00,15108011.0,8251620.983007617,-27843126.046890765,47211083.0771231,6856390.016992383
1995-08-29 10:45:00,12737892.0,8632102.361618465,-30825824.316770572,49555739.90938714,4105789.638381535
1995-08-29 11:00:00,8198941.0,8910578.057339514,-32334254.91622894,50145964.44009463,-711637.0573395137
1995-08-29 11:15:00,11257657.0,8992518.849532,-31919089.002538912,50879601.75090348,2265138.1504679993
1995-08-29 11:30:00,13216160.0,9220560.185945742,-32972609.477206316,51854567.44351477,3995599.814054258
1995-08-29 11:45:00,14448952.0,9687389.632689402,-34443371.66213041,54064341.18788544,4761562.3673105985
1995-08-29 12:00:00,13259110.0,10027543.954556042,-35808413.277773574,57549542.3041367,3231566.0454439577
1995-08-29 12:15:00,18330751.0,10037768.066414542,-36501658.329894714,56614799.507146925,8292982.9335854575
1995-08-29 12:30:00,17661492.0,9930637.593935352,-36899828.31311142,56046159.5466853,7730854.406064648
1995-08-29 12:45:00,15227894.0,9924511.616454901,-35569227.051014796,56093077.40533661,5303382.383545099
1995-08-29 13:00:00,18083233.0,9960325.85566595,-36770160.214177504,57562283.96063687,8122907.14433405
1995-08-29 13:15:00,16243560.0,9951383.006497255,-36781164.126228206,56882946.51871556,6292176.993502745
1995-08-29 13:30:00,15947475.0,9906849.245510582,-36872179.76072234,57954302.63391973,6040625.754489418
1995-08-29 13:45:00,17142962.0,9831426.904010726,-34636358.462396674,56018572.84362846,7311535.095989274
1995-08-29 14:00:00,14861573.0,9724385.927269123,-35429926.542087525,56299983.46577099,5137187.0727308765
1995-08-29 14:15:00,16008585.0,9689071.969603978,-37306104.97352015,55946904.72004654,6319513.030396022
1995-08-29 14:30:00,17510345.0,9772116.769372627,-37166293.88888218,58415492.81247068,7738228.230627373
1995-08-29 14:45:00,18773222.0,9862025.12162504,-37899583.82666986,57593350.25973275,8911196.87837496
1995-08-29 15:00:00,17892214.0,9871008.77687868,-36677536.03514107,56616803.773706146,8021205.223121321
1995-08-29 15:15:00,17161710.0,9894894.484961633,-36575500.65898668,57684312.454932354,7266815.515038367
1995-08-29 15:30:00,15643363.0,10001326.987145681,-38692761.242608055,58820885.79491839,5642036.012854319
1995-08-29 15:45:00,17830015.0,10129565.688533349,-37178538.25714364,59589399.83526805,7700449.311466651
1995-08-29 16:00:00,15749827.0,10222524.640645051,-39389754.1245131,59739152.93907926,5527302.359354949
1995-08-29 16:15:00,16733761.0,10240138.894818155,-38728702.93663382,60474913.71673574,6493622.105181845
1995-08-29 16:30:00,13405239.0,9989188.26583016,-38556361.12084642,59249246.64785035,3416050.734169841
1995-08-29 16:45:00,13471801.0,9358639.989722203,-36465728.66604157,56374329.457150854,4113161.0102777965
1995-08-29 17:00:00,11375681.0,8648754.640844947,-34139107.11712363,51286769.99674663,2726926.3591550533
1995-08-29 17:15:00,9064372.0,8291983.161501371,-31088642.086961377,49347861.246605895,772388.8384986287
1995-08-29 17:30:00,9708606.0,8221997.935342618,-31328038.90684648,49277375.80562166,1486608.0646573817
1995-08-29 17:45:00,10432991.0,8015425.411418807,-31581055.588623147,48085083.043757975,2417565.5885811932
1995-08-29 18:00:00,10720345.0,7539379.565734925,-29169489.932951443,43907136.363456726,3180965.4342650753
1995-08-29 18:15:00,8544875.0,7045867.615480176,-27593242.717869774,42688355.04951946,1499007.3845198238
1995-08-29 18:30:00,6896623.0,6672157.897780272,-27108115.76827248,39691012.54801115,224465.10221972782
1995-08-29 18:45:00,8635593.0,6377113.155657535,-25265738.158889946,38194076.83522334,2258479.8443424646
1995-08-29 19:00:00,9217919.0,6190553.945495666,-24317237.048004694,38021613.32269464,3027365.054504334
1995-08-29 19:15:00,7425667.0,6122990.264957959,-24582632.371582385,36534171.29212204,1302676.7350420412
1995-08-29 19:30:00,7986418.0,5961399.648468184,-23137761.718029995,36304581.51680865,2025018.3515318157
1995-08-29 19:45:00,4950537.0,5638052.87109449,-22859434.835191406,34460283.414695196,-687515.8710944904
1995-08-29 20:00:00,5244798.0,5474858.318041421,-22010452.9764404,33484531.77449709,-230060.31804142054
1995-08-29 20:15:00,9320845.0,5678067.506394339,-23101475.75015497,33974143.589212075,3642777.493605661
1995-08-29 20:30:00,10403129.0,5890426.48877869,-22707452.07477087,35565386.71356722,4512702.51122131
1995-08-29 20:45:00,7914729.0,5761689.409260614,-23631857.47494991,36061508.36484088,2153039.590739386
1995-08-29 21:00:00,9098411.0,5514640.07977623,-22567671.057801504,34160996.20022593,3583770.9202237697
1995-08-29 21:15:00,9154935.0,5520055.460396594,-23176213.214392316,35283416.68325977,3634879.5396034056
1995-08-29 21:30:00,11973083.0,5672930.25174759,-24305957.186307386,35371741.20793414,6300152.74825241
1995-08-29 21:45:00,13611040.0,5706160.230677827,-24552110.727172576,36358449.01192385,7904879.769322173
1995-08-29 22:00:00,7109302.0,5639182.967046176,-22802578.7775089,35699007.183129564,1470119.032953824
1995-08-29 22:15:00,8078605.0,5553422.680219362,-23358403.9502203,35340068.41115258,2525182.3197806384
1995-08-29 22:30:00,8753598.0,5340212.980349359,-22675805.621475134,33531535.439816706,3413385.019650641
1995-08-29 22:45:00,6566902.0,5084971.83766276,-21071947.564664796,32852950.026452616,1481930.1623372398
1995-08-29 23:00:00,8812801.0,5112859.603314357,-21727750.687634636,31634591.81186445,3699941.396685643
1995-08-29 23:15:00,7396126.0,5379241.049276092,-23478370.38339859,33913467.833788194,2016884.950723908
1995-08-29 23:30:00,8953710.0,5366121.549749888,-23364022.285166927,33763675.94304205,3587588.4502501125
1995-08-29 23:45:00,8302780.0,4947769.51919167,-20887606.36261502,31129232.060896963,3355010.48080833
1995-08-30 00:00:00,7348917.0,4715675.355924919,-20091377.722290393,30027146.731886894,2633241.6440750808
1995-08-30 00:15:00,6638872.0,4767302.779253722,-20703059.98863113,29385181.30165276,1871569.2207462778
1995-08-30 00:30:00,7138438.0,4736119.845822253,-20519805.161291316,29987704.802723493,2402318.1541777467
1995-08-30 00:45:00,5996951.0,4325505.620569491,-18218199.762886286,28424604.191345256,1671445.3794305092
1995-08-30 01:00:00,3299774.0,3931687.788154021,-16560749.509679453,24704288.122118514,-631913.7881540209
1995-08-30 01:15:00,3410486.0,3945674.6419777307,-17122972.58987236,25151973.324624937,-535188.6419777307
1995-08-30 01:30:00,4525064.0,4095978.2105274466,-18603756.06930779,26388983.22294067,429085.7894725534
1995-08-30 01:45:00,2610290.0,3972244.256451231,-16701427.41457576,25383780.22667328,-1361954.256451231
1995-08-30 02:00:00,5898181.0,3611931.6585656265,-16433303.65749331,22934910.84659007,2286249.3414343735
1995-08-30 02:15:00,4319893.0,3244522.9407872697,-15295227.503540117,21014272.210703526,1075370.0592127303
1995-08-30 02:30:00,4252801.0,2881089.037403742,-13012000.644406365,18574171.961708665,1371711.9625962581
1995-08-30 02:45:00,4069631.0,2538156.7128024274,-11503137.450210461,16726715.876991034,1531474.2871975726
1995-08-30 03:00:00,3100401.0,2397248.1101531857,-11475007.116001327,16652065.29422498,703152.8898468143
1995-08-30 03:15:00,3883640.0,2513351.0884066736,-11500511.842394736,17037403.44767237,1370288.9115933264
1995-08-30 03:30:00,6156172.0,2642999.780572695,-11795558.94192727,17362410.996204067,3513172.219427305
1995-08-30 03:45:00,4539687.0,2599418.7672350933,-12210911.448560927,17882696.755420394,1940268.2327649067
1995-08-30 04:00:00,4526794.0,2440304.7504461883,-11017522.832092997,17324978.922912303,2086489.2495538117
1995-08-30 04:15:00,4594292.0,2268311.1224637306,-11095204.991466383,15687245.536647903,2325980.8775362694
1995-08-30 04:30:00,4393312.0,2083094.466424777,-10129784.740081063,13818192.425713692,2310217.533575223
1995-08-30 04:45:00,6149576.0,1937978.6059541532,-9796649.847911209,13333880.087237641,4211597.394045847
1995-08-30 05:00:00,4715096.0,1924125.241673866,-9357776.828530058,13521875.1569768,2790970.7583261337
1995-08-30 05:15:00,2966726.0,2014866.7219181003,-9408553.722057413,13688643.700586502,951859.2780818997
1995-08-30 05:30:00,3544618.0,2079360.21252541,-9369202.15519961,13990269.353512742,1465257.78747459
1995-08-30 05:45:00,3097562.0,2091086.0539172606,-9782560.11183671,15029129.448653225,1006475.9460827394
1995-08-30 06:00:00,3990655.0,2103911.1102301585,-10512264.125705836,14598753.35560383,1886743.8897698415
1995-08-30 06:15:00,3979989.0,2140351.50240941,-10966081.170084918,14135629.3360727,1839637.4975905898
1995-08-30 06:30:00,4960029.0,2215016.8229787014,-11145267.323386287,15886087.691512482,2745012.1770212986
1995-08-30 06:45:00,8740104.0,2440617.191969527,-11628349.190483293,16428520.594779242,6299486.808030473
1995-08-30 07:00:00,7759614.0,2892219.3298934964,-13995787.245153282,19284964.216649033,4867394.670106504
1995-08-30 07:15:00,6475285.0,3472799.147659776,-16304356.527415544,22881713.30416746,3002485.852340224
1995-08-30 07:30:00,7858848.0,4001216.9149711016,-19096637.942732863,26771659.572164904,3857631.0850288984
1995-08-30 07:45:00,5766000.0,4462723.359444292,-21003848.471279398,30091348.539295368,1303276.6405557077
1995-08-30 08:00:00,10871983.0,4999682.279625419,-23745914.545557536,33838514.58125444,5872300.720374581
1995-08-30 08:15:00,8110773.0,5667875.967470429,-26968124.918869816,38672736.67392023,2442897.032529571
1995-08-30 08:30:00,12687008.0,6237446.9705564035,-30305154.44324503,41951760.742550254,6449561.0294435965
1995-08-30 08:45:00,12612353.0,6439556.190293529,-31235260.492627125,44529542.08625229,6172796.809706471
1995-08-30 09:00:00,12344568.0,6380896.541369219,-31387312.077916443,43594646.77656458,5963671.458630781
1995-08-30 09:15:00,14086523.0,6532001.983424268,-30987332.92232734,45074544.49973272,7554521.016575732
1995-08-30 09:30:00,13631351.0,7075883.167021978,-32748863.941072892,47101053.34694492,6555467.832978022
1995-08-30 09:45:00,18147593.0,7581030.477338303,-36073545.006301045,52183923.37765084,10566562.522661697
1995-08-30 10:00:00,14648363.0,7592274.415956951,-36686743.95336658,52133991.08004719,7056088.584043049
1995-08-30 10:15:00,13851847.0,7350232.7451424245,-36134560.12564739,51033285.0107116,6501614.2548575755
1995-08-30 10:30:00,14710487.0,7412717.660535229,-35889142.82150852,50684281.6967219,7297769.339464771
1995-08-30 10:45:00,16142331.0,7814095.174733745,-38469244.29414436,53963421.391221344,8328235.825266255
1995-08-30 11:00:00,20895148.0,8114974.616354302,-39503318.162832916,55563143.00031141,12780173.383645698
1995-08-30 11:15:00,16486442.0,8222088.428588061,-40207792.058742195,56448912.619075455,8264353.571411939
1995-08-30 11:30:00,13671916.0,8473454.259035464,-42201296.09167027,59516275.297142096,5198461.740964536
1995-08-30 11:45:00,10929493.0,8960501.8058863,-44148610.25579104,62383489.03168699,1968991.1941136997
1995-08-30 12:00:00,15625331.0,9322673.538819626,-47834504.810559556,65048030.35215133,6302657.461180374
1995-08-30 12:15:00,11851084.0,9359440.136943078,-46291438.68497815,66384696.628164984,2491643.8630569223
1995-08-30 12:30:00,10343672.0,9280508.185110608,-45777735.1875053,65571438.24899294,1063163.814889392
1995-08-30 12:45:00,13150835.0,9301288.329800516,-45161108.98893832,64928809.76693207,3849546.6701994836
1995-08-30 13:00:00,15449185.0,9363500.980651982,-48236468.86229078,65279559.6037271,6085684.019348018
1995-08-30 13:15:00,17375612.0,9381606.082463823,-48152714.391452014,65262806.28950854,7994005.917536177
1995-08-30 13:30:00,15582577.0,9364636.897046829,-48380123.15125629,65396824.46269209,6217940.102953171
1995-08-30 13:45:00,16465964.0,9317222.961135864,-47333325.623845786,65837327.75203186,7148741.038864136
1995-08-30 14:00:00,15547494.0,9238634.63720038,-47259113.96458996,64961681.84106729,6308859.36279962
1995-08-30 14:15:00,13462921.0,9230816.016809171,-47000234.884148985,64761077.10152518,4232104.983190829
1995-08-30 14:30:00,16477182.0,9339760.706973601,-49097231.8552932,66668604.21029437,7137421.293026399
1995-08-30 14:45:00,19553342.0,9455465.917451534,-47705537.466496944,66403692.997479744,10097876.082548466
1995-08-30 15:00:00,19326949.0,9491317.238305287,-48476572.584071144,67954928.86870535,9835631.761694713
1995-08-30 15:15:00,17279329.0,9541841.040659223,-49050555.61314612,68585431.23932107,7737487.959340777
1995-08-30 15:30:00,18537069.0,9673760.974984279,-50861189.38622681,69498231.50507161,8863308.025015721
1995-08-30 15:45:00,17450753.0,9827145.946034998,-50113562.95758058,69918832.91159937,7623607.053965002
1995-08-30 16:00:00,18022318.0,9945670.778125152,-52190500.2076058,72153770.19088103,8076647.221874848
1995-08-30 16:15:00,18138440.0,9989802.268768087,-51744106.53718128,70987910.41119742,8148637.731231913
1995-08-30 16:30:00,15629847.0,9768918.232778661,-51936156.47825003,69700982.39742659,5860928.767221339
1995-08-30 16:45:00,18905312.0,9173476.724428888,-48676991.22922283,66287448.45300199,9731835.275571112
1995-08-30 17:00:00,12373365.0,8499680.750749515,-45556042.44324427,61979648.79017723,3873684.2492504846
1995-08-30 17:15:00,15182224.0,8174137.701064692,-43285996.14244407,59541053.14051448,7008086.298935308
1995-08-30 17:30:00,15388558.0,8131404.841460401,-43026951.11569248,59696154.5701995,7257153.158539599
1995-08-30 17:45:00,17365180.0,7953813.551993991,-42570723.49971777,58655117.96018609,9411366.448006008
1995-08-30 18:00:00,12369417.0,7510264.487000092,-40068278.01255113,53827253.534366295,4859152.512999908
1995-08-30 18:15:00,10265137.0,7049355.8806479825,-36923246.47559641,52029652.592531756,3215781.1193520175
1995-08-30 18:30:00,12633479.0,6706494.695706345,-35777149.13449103,49423530.59513472,5926984.304293655
1995-08-30 18:45:00,11592837.0,6441090.862281072,-34693098.63100432,47556258.3040362,5151746.137718928
1995-08-30 19:00:00,17859893.0,6282554.083680434,-34629142.016878076,45617923.3768316,11577338.916319566
1995-08-30 19:15:00,14503847.0,6241244.270689823,-32821503.773301445,47240649.54792315,8262602.729310177
1995-08-30 19:30:00,11524647.0,6107009.141931579,-32697457.661786266,46320414.6598613,5417637.858068421
1995-08-30 19:45:00,9023840.0,5813028.00690703,-31809479.721788682,44323168.71289917,3210811.99309297
1995-08-30 20:00:00,11296497.0,5676852.395372034,-31533712.549507722,42680894.69735711,5619644.604627966
1995-08-30 20:15:00,13287092.0,5901937.984474191,-32571918.683036573,45273165.97452636,7385154.015525809
1995-08-30 20:30:00,9666642.0,6135851.565480994,-33106415.147712212,45721924.37507079,3530790.434519006
1995-08-30 20:45:00,10793612.0,6033076.107255852,-32936614.608404543,45149119.27318764,4760535.892744148
1995-08-30 21:00:00,16224752.0,5813378.06972054,-32183323.76414258,43529040.311482,10411373.93027946
1995-08-30 21:15:00,10065434.0,5842513.922994921,-32217562.082370702,43811030.923574485,4222920.077005079
1995-08-30 21:30:00,8262764.0,6016890.898928225,-33470387.99262958,46439739.75342743,2245873.101071775
1995-08-30 21:45:00,10365430.0,6073011.187853612,-33995582.292798325,47055839.85438905,4292418.812146388
1995-08-30 22:00:00,12188915.0,6030043.900847278,-33589949.22576542,44544425.42429223,6158871.099152722
1995-08-30 22:15:00,13145866.0,5968305.950550069,-32911353.175829623,46096978.8800285,7177560.049449931
1995-08-30 22:30:00,12957190.0,5780595.876144878,-32301121.785524305,44907351.06249461,7176594.123855122
1995-08-30 22:45:00,12553609.0,5551170.375206442,-31176848.018941477,42986219.01796512,7002438.624793558
1995-08-30 23:00:00,13314545.0,5600782.351911019,-31373060.2413952,42618743.629026815,7713762.648088981
1995-08-30 23:15:00,14242165.0,5885393.792766572,-34989535.05004074,44900118.07112091,8356771.207233428
1995-08-30 23:30:00,11413101.0,5894017.926175951,-34124479.61272621,45566751.20219878,5519083.073824049
1995-08-30 23:45:00,13708073.0,5502622.373809292,-31148044.251302302,43777866.17362368,8205450.626190708
1995-08-31 00:00:00,12106281.0,5294682.551706167,-30472569.366477948,42077386.25573628,6811598.448293833
1995-08-31 00:15:00,13881023.0,5366335.680252507,-30322411.287236735,40842034.55887756,8514687.319747493
1995-08-31 00:30:00,6278486.0,5356009.614164963,-30477795.955806814,42545936.34587152,922476.3858350366
1995-08-31 00:45:00,9626530.0,4971098.746706379,-28301521.855875716,39418407.61213613,4655431.253293621
1995-08-31 01:00:00,6653420.0,4602458.062022212,-26834221.91773783,35843615.32392657,2050961.937977788
1995-08-31 01:15:00,8331208.0,4635790.991749132,-26592169.598723162,35642621.044420764,3695417.008250868
1995-08-31 01:30:00,4423730.0,4803283.408780623,-28145663.441134576,38161068.1506891,-379553.4087806232
1995-08-31 01:45:00,7810117.0,4700140.017917309,-26980445.228754096,36462845.44019197,3109976.982082691
1995-08-31 02:00:00,5645466.0,4363309.104358074,-26495904.62454308,34655585.81535703,1282156.8956419257
1995-08-31 02:15:00,7533027.0,4019158.027329682,-23447400.326247875,32503022.41713104,3513868.972670318
1995-08-31 02:30:00,8767195.0,3678603.6332400576,-21876136.958137173,29638757.479950383,5088591.366759943
1995-08-31 02:45:00,6691791.0,3357944.611789329,-20983746.644014366,27410085.302707043,3333846.388210671
1995-08-31 03:00:00,6175270.0,3236236.250244373,-18801414.506201968,25269780.566758513,2939033.749755627
1995-08-31 03:15:00,6298988.0,3367715.4183871723,-20825108.82397303,26706527.93424218,2931272.5816128277
1995-08-31 03:30:00,4826504.0,3512215.716959369,-22193580.78972065,27410650.231759164,1314288.283040631
1995-08-31 03:45:00,8247407.0,3485493.633660045,-20927537.011407044,28436488.80077249,4761913.3663399555
1995-08-31 04:00:00,7015563.0,3344460.2830139273,-20957943.87962145,27518264.666937124,3671102.7169860727
1995-08-31 04:15:00,5493907.0,3190372.702659486,-19606125.972307052,25239441.753627006,2303534.297340514
1995-08-31 04:30:00,4553086.0,3022889.1576170777,-17656020.506935697,24242814.180490687,1530196.8423829223
1995-08-31 04:45:00,6574428.0,2894606.348855789,-18069926.763876647,23207689.687538825,3679821.651144211
1995-08-31 05:00:00,4463652.0,2895444.5594698256,-17563560.656662744,23618963.993282583,1568207.4405301744
1995-08-31 05:15:00,7281021.0,2999094.9487372637,-18162304.122155968,25041619.564823836,4281926.051262736
1995-08-31 05:30:00,5259407.0,3076489.321765733,-18860292.4332177,25832242.01978343,2182917.678234267
1995-08-31 05:45:00,7635422.0,3101466.0356304594,-19166582.812238336,24338949.34754693,4533955.964369541
1995-08-31 06:00:00,5836096.0,3127157.684672699,-19292918.926248204,25016442.209868617,2708938.315327301
1995-08-31 06:15:00,7751114.0,3175771.976767548,-19147002.782097243,25680694.140534963,4575342.023232453
1995-08-31 06:30:00,5883399.0,3261717.510474602,-20105999.01304278,27245377.66350968,2621681.489525398
1995-08-31 06:45:00,5351289.0,3496169.4745038203,-22337384.473183416,29099617.578470092,1855119.5254961797
1995-08-31 07:00:00,8471791.0,3953170.814429035,-24117444.108580455,33524930.162306894,4518620.185570965
1995-08-31 07:15:00,9747930.0,4537013.850783705,-28078792.897066988,37819105.19591648,5210916.149216295
1995-08-31 07:30:00,12585887.0,5069020.352688285,-31035824.62912702,40887113.16863011,7516866.647311715
1995-08-31 07:45:00,13054670.0,5534640.258727547,-33397797.005443178,45057380.26297089,7520029.741272453
1995-08-31 08:00:00,11258134.0,6074298.923696825,-37742229.519001216,50669352.86106483,5183835.076303175
1995-08-31 08:15:00,15312652.0,6743017.481378901,-42490706.09999406,55626672.93497315,8569634.518621098
1995-08-31 08:30:00,17171972.0,7314064.821278053,-46373055.014712475,59515150.22105401,9857907.178721946
1995-08-31 08:45:00,13245480.0,7522260.7026706105,-46519384.81794239,63714945.41393241,5723219.2973293895
1995-08-31 09:00:00,17397745.0,7472846.245080908,-47049937.79220489,61753426.42933966,9924898.754919093
1995-08-31 09:15:00,17584189.0,7629948.527593257,-48480318.55701477,62560587.52413803,9954240.472406743
1995-08-31 09:30:00,16009233.0,8174083.469364296,-51216986.18877719,66988158.65398957,7835149.530635704
1995-08-31 09:45:00,20131235.0,8679615.559776695,-55760690.17403761,73105607.89399219,11451619.440223305
1995-08-31 10:00:00,17947562.0,8697575.129939195,-57240795.34253771,73229774.47015546,9249986.870060805
1995-08-31 10:15:00,17761802.0,8465303.603787176,-53070715.20361238,70672482.9249805,9296498.396212824
1995-08-31 10:30:00,21915212.0,8533012.822706321,-53956883.01740708,71993669.41891782,13382199.177293679
1995-08-31 10:45:00,19986327.0,8934597.9357319,-57251349.13503221,75528505.0474474,11051729.0642681
1995-08-31 11:00:00,21563319.0,9236654.67547364,-59168500.65833021,77254520.56902863,12326664.32452636
1995-08-31 11:15:00,18693841.0,9347186.925277248,-61514599.10524441,79650783.10087676,9346654.074722752
1995-08-31 11:30:00,20791646.0,9599604.343676157,-62875952.639437884,80333668.82347292,11192041.656323843
1995-08-31 11:45:00,20758914.0,10084088.6017364,-64654756.44572226,84882410.94050306,10674825.3982636
1995-08-31 12:00:00,20597731.0,10444997.739267163,-66144577.04162231,89987585.39967246,10152733.260732837
1995-08-31 12:15:00,16985193.0,10484538.08566532,-69451244.9711537,89255335.66672568,6500654.914334681
1995-08-31 12:30:00,14758578.0,10409557.086157713,-68593080.82860884,88599714.63851175,4349020.913842287
1995-08-31 12:45:00,18311560.0,10432526.867104193,-68254983.57643707,89874608.41558059,7879033.132895807
1995-08-31 13:00:00,16855706.0,10495962.44552168,-68804407.3360494,89458112.43453062,6359743.554478319
1995-08-31 13:15:00,17419474.0,10515490.938467918,-68865933.45004706,89270065.87433751,6903983.061532082
1995-08-31 13:30:00,20840954.0,10500022.613798115,-68297464.95049302,90081577.40019196,10340931.386201885
1995-08-31 13:45:00,16771518.0,10454124.129618399,-69663531.04713313,91228118.96424358,6317393.870381601
1995-08-31 14:00:00,19334175.0,10377076.17219789,-70374240.36228506,90175789.06255603,8957098.82780211
1995-08-31 14:15:00,17059221.0,10369431.164309392,-69123900.77265304,90097621.98258923,6689789.835690608
1995-08-31 14:30:00,21433319.0,10476554.459515372,-69576519.99939145,89512158.12214237,10956764.540484628
1995-08-31 14:45:00,19209451.0,10589945.54038727,-70449161.74729358,93259519.72466084,8619505.45961273
1995-08-31 15:00:00,14308097.0,10624173.671775168,-70502520.60581279,91307891.25042701,3683923.328224832
1995-08-31 15:15:00,19608215.0,10672474.655259604,-73714974.6863673,92848740.70531932,8935740.344740396
1995-08-31 15:30:00,17131216.0,10800660.830823718,-72969427.96586515,93495684.01750624,6330555.169176282
1995-08-31 15:45:00,21004056.0,10949620.35101712,-73132706.68912697,95562626.4495148,10054435.64898288
1995-08-31 16:00:00,12902919.0,11063798.52689296,-74292178.57201408,95812475.32587467,1839120.47310704
1995-08-31 16:15:00,4338348.0,11104203.57844228,-75679043.52204838,98203078.93758217,-6765855.578442279
1995-08-31 16:30:00,12827073.0,10882820.957486516,-73956965.7982747,94829928.3143212,1944252.0425134841
1995-08-31 16:45:00,13205534.0,10291609.131373338,-71913774.91495003,89553795.41156444,2913924.8686266616
1995-08-31 17:00:00,10756228.0,9622723.090853667,-66731638.98980555,85306109.99727127,1133504.909146333
1995-08-31 17:15:00,15480727.0,9296936.176657278,-61861192.03024495,81934761.82122786,6183790.823342722
1995-08-31 17:30:00,15863037.0,9249699.994094381,-63661386.2758742,82746956.60957818,6613337.005905619
1995-08-31 17:45:00,10679466.0,9069060.26102524,-61682574.91124071,80601920.06280792,1610405.7389747594
1995-08-31 18:00:00,12092215.0,8625713.665504642,-58846894.54686866,77105502.56842288,3466501.334495358
1995-08-31 18:15:00,14551188.0,8164858.760977044,-56371611.65214764,72296201.08709037,6386329.239022956
1995-08-31 18:30:00,11393530.0,7820050.384115652,-53357379.94638485,70545770.3998593,3573479.615884348
1995-08-31 18:45:00,11258634.0,7551254.844729377,-51911245.41392321,66806707.26989202,3707379.155270623
1995-08-31 19:00:00,8487544.0,7387480.129221186,-50268797.36421521,64880789.25772542,1100063.870778814
1995-08-31 19:15:00,10235023.0,7338945.139820814,-50571562.60920711,66484197.9937724,2896077.860179186
1995-08-31 19:30:00,10105530.0,7198376.79950012,-50088810.29000832,64560825.59885069,2907153.20049988
1995-08-31 19:45:00,11150386.0,6899871.913291766,-49054531.74157424,62503736.13674927,4250514.086708234
1995-08-31 20:00:00,11741498.0,6756634.056691468,-47610348.58296677,60563770.73721583,4984863.943308532
1995-08-31 20:15:00,9758863.0,6969331.908061852,-47726716.005755186,62500609.58580022,2789531.0919381483
1995-08-31 20:30:00,10006967.0,7190361.778019491,-49932058.7829302,64936980.05658678,2816605.2219805093
1995-08-31 20:45:00,11118492.0,7078944.180206432,-48566409.61735852,62796046.659532905,4039547.819793568
1995-08-31 21:00:00,8573726.0,6851836.881627641,-47985712.01064526,62650051.17733287,1721889.1183723593
1995-08-31 21:15:00,8191962.0,6869784.460920508,-48990792.894032426,63690435.738785826,1322177.539079492
1995-08-31 21:30:00,8611148.0,7030615.2188733155,-50540576.89395935,63699906.483860284,1580532.7811266845
1995-08-31 21:45:00,9604031.0,7074446.236611634,-50237353.725352876,64071997.417090826,2529584.7633883664
1995-08-31 22:00:00,6328716.0,7020186.583600284,-50580004.09783864,65141660.8449916,-691470.5836002836
1995-08-31 22:15:00,11527444.0,6947054.223468684,-49570798.211751446,63644958.93835609,4580389.776531316
1995-08-31 22:30:00,9362824.0,6749320.922709452,-48971122.540323116,61872322.29547488,2613503.077290548
1995-08-31 22:45:00,10075139.0,6510090.346594217,-47322162.877449356,59793224.81607988,3565048.6534057828
1995-08-31 23:00:00,11921749.0,6545716.134532228,-46860309.90740381,58875893.11378858,5376032.865467772
1995-08-31 23:15:00,10537971.0,6812765.613085714,-49887249.44403058,62374040.24816571,3725205.386914286
1995-08-31 23:30:00,10072595.0,6807267.934338514,-50160336.09901124,63448004.57655105,3265327.0656614862
1995-08-31 23:45:00,6292912.0,6406897.942018675,-46429377.23381014,60169386.44442776,-113985.94201867469
