time,actual,predicted
1995-08-23 00:00:00,6561964.0,6441535.467840576
1995-08-23 00:15:00,6038280.0,6498181.016245753
1995-08-23 00:30:00,4346838.0,4502617.472712265
1995-08-23 00:45:00,5142410.0,6089003.321411566
1995-08-23 01:00:00,3792269.0,3813156.758098614
1995-08-23 01:15:00,3356671.0,3955676.3984473567
1995-08-23 01:30:00,4943819.0,6033071.85641168
1995-08-23 01:45:00,3764171.0,3811070.8417988117
1995-08-23 02:00:00,3247271.0,3418086.166472572
1995-08-23 02:15:00,5109810.0,4740721.617218184
1995-08-23 02:30:00,4826226.0,4496469.513994214
1995-08-23 02:45:00,4824497.0,3005663.512858913
1995-08-23 03:00:00,4513227.0,2503309.663607341
1995-08-23 03:15:00,6623365.0,4059865.981134228
1995-08-23 03:30:00,4374016.0,2712817.412138998
1995-08-23 03:45:00,4476119.0,2803502.696704946
1995-08-23 04:00:00,4364007.0,2651948.304199128
1995-08-23 04:15:00,2686479.0,2436337.9503340134
1995-08-23 04:30:00,2598439.0,2466773.6749026203
1995-08-23 04:45:00,2437986.0,1666547.577603046
1995-08-23 05:00:00,3281115.0,1624245.7402053112
1995-08-23 05:15:00,5078510.0,3022088.030267324
1995-08-23 05:30:00,6191201.0,3288837.103982715
1995-08-23 05:45:00,4603032.0,2251330.7206831085
1995-08-23 06:00:00,4763828.0,3100405.7803030726
1995-08-23 06:15:00,5709029.0,3118134.933589668
1995-08-23 06:30:00,5323779.0,3360317.9385321666
1995-08-23 06:45:00,6384592.0,3417807.7897693063
1995-08-23 07:00:00,5514131.0,3658219.640636185
1995-08-23 07:15:00,6621249.0,4719953.026714241
1995-08-23 07:30:00,6291536.0,4868051.81116768
1995-08-23 07:45:00,6783981.0,5077613.253057362
1995-08-23 08:00:00,7667718.0,7492058.748087496
1995-08-23 08:15:00,6934219.0,8333225.675287204
1995-08-23 08:30:00,8219072.0,8851088.142122813
1995-08-23 08:45:00,8655844.0,8999307.73419074
1995-08-23 09:00:00,7035056.0,7167839.941011869
1995-08-23 09:15:00,7596565.0,9528358.565633474
1995-08-23 09:30:00,6506887.0,8272319.477450376
1995-08-23 09:45:00,10013484.0,9966356.546909645
1995-08-23 10:00:00,7249787.0,10703334.538352065
1995-08-23 10:15:00,6412856.0,7881320.292730826
1995-08-23 10:30:00,8403458.0,11139979.750366414
1995-08-23 10:45:00,9087066.0,12082296.718785292
1995-08-23 11:00:00,8948186.0,11081435.70247254
1995-08-23 11:15:00,9190519.0,12983388.013489472
1995-08-23 11:30:00,13809195.0,17850626.88165011
1995-08-23 11:45:00,7313064.0,13901745.765839512
1995-08-23 12:00:00,13024382.0,18171746.121697143
1995-08-23 12:15:00,15006672.0,19735264.652637944
1995-08-23 12:30:00,14678637.0,19543965.72863181
1995-08-23 12:45:00,11604810.0,19535580.67199835
1995-08-23 13:00:00,11282366.0,19558163.78863894
1995-08-23 13:15:00,16230128.0,20365956.045239035
1995-08-23 13:30:00,14321203.0,19807598.974500798
1995-08-23 13:45:00,12453328.0,13910440.758871116
1995-08-23 14:00:00,13483783.0,13764783.235218158
1995-08-23 14:15:00,11355281.0,14483584.750516975
1995-08-23 14:30:00,13455001.0,14278874.946708629
1995-08-23 14:45:00,13014685.0,13545464.418601647
1995-08-23 15:00:00,13613261.0,14656670.085576862
1995-08-23 15:15:00,10788346.0,11219522.897482652
1995-08-23 15:30:00,13441635.0,15059099.617969269
1995-08-23 15:45:00,18148221.0,15010156.891210642
1995-08-23 16:00:00,17797016.0,15077686.012490842
1995-08-23 16:15:00,18988652.0,15423408.609826691
1995-08-23 16:30:00,18106790.0,15509163.489725484
1995-08-23 16:45:00,12657773.0,14401269.562271176
1995-08-23 17:00:00,8776154.0,10098406.267197208
1995-08-23 17:15:00,10626291.0,10061352.70765777
1995-08-23 17:30:00,10948288.0,10440292.991393583
1995-08-23 17:45:00,9550538.0,9659743.551116113
1995-08-23 18:00:00,9072944.0,8896148.742887883
1995-08-23 18:15:00,11470066.0,11797039.754832162
1995-08-23 18:30:00,11265607.0,10579330.019643022
1995-08-23 18:45:00,8198502.0,7792396.350790557
1995-08-23 19:00:00,7521441.0,7497763.866621431
1995-08-23 19:15:00,7444452.0,7677906.8636686625
1995-08-23 19:30:00,9058309.0,7706667.4873450585
1995-08-23 19:45:00,7930173.0,6494452.02373684
1995-08-23 20:00:00,8913061.0,6514432.810049101
1995-08-23 20:15:00,7664813.0,7663883.329766433
1995-08-23 20:30:00,7726631.0,8193771.374133908
1995-08-23 20:45:00,5916039.0,5520924.869449174
1995-08-23 21:00:00,4715157.0,5342704.1249694545
1995-08-23 21:15:00,4602801.0,3746855.3325713756
1995-08-23 21:30:00,5830997.0,5895347.796723415
1995-08-23 21:45:00,5585106.0,5588529.729809746
1995-08-23 22:00:00,6577915.0,5662930.64302741
1995-08-23 22:15:00,6653871.0,5748057.611643283
1995-08-23 22:30:00,7342247.0,7348134.563258447
1995-08-23 22:45:00,8930279.0,6648490.508586897
1995-08-23 23:00:00,10253062.0,6669645.45205053
1995-08-23 23:15:00,6860818.0,5548942.799543484
1995-08-23 23:30:00,8673083.0,6921321.322105801
1995-08-23 23:45:00,5850033.0,4889713.300926005
1995-08-24 00:00:00,4432194.0,4518754.367997835
1995-08-24 00:15:00,3446805.0,4471909.552449278
1995-08-24 00:30:00,6040106.0,6692191.74872113
1995-08-24 00:45:00,5643388.0,6108603.175717225
1995-08-24 01:00:00,4720847.0,5635360.851667956
1995-08-24 01:15:00,4202478.0,3958325.7717347043
1995-08-24 01:30:00,4012827.0,4089596.3850635276
1995-08-24 01:45:00,3189258.0,3811602.146912983
1995-08-24 02:00:00,2828911.0,3418304.921917376
1995-08-24 02:15:00,3015944.0,3212662.7034360017
1995-08-24 02:30:00,2998479.0,3047091.5614716667
1995-08-24 02:45:00,3519917.0,2036812.535180877
1995-08-24 03:00:00,2779706.0,2503316.5761018205
1995-08-24 03:15:00,2576824.0,2751188.3344046716
1995-08-24 03:30:00,2814779.0,2712818.968674615
1995-08-24 03:45:00,2287107.0,2803503.4286137675
1995-08-24 04:00:00,2312518.0,2651948.6204126184
1995-08-24 04:15:00,2891604.0,2436338.08259469
1995-08-24 04:30:00,3163698.0,2466773.7360338084
1995-08-24 04:45:00,1843170.0,1666547.5964141167
1995-08-24 05:00:00,2148250.0,1624245.7485716022
1995-08-24 05:15:00,1688362.0,2047930.3886031702
1995-08-24 05:30:00,3531935.0,2228693.993146494
1995-08-24 05:45:00,2674296.0,2251330.721781548
1995-08-24 06:00:00,2628036.0,2101002.729703511
1995-08-24 06:15:00,2920724.0,2113016.9630963258
1995-08-24 06:30:00,2808704.0,2277133.2724044267
1995-08-24 06:45:00,2410081.0,2316091.5064990637
1995-08-24 07:00:00,2106203.0,2479007.5860469085
1995-08-24 07:15:00,3428729.0,3198495.5821060603
1995-08-24 07:30:00,2488773.0,3298855.3325254866
1995-08-24 07:45:00,7661208.0,6584622.440903113
1995-08-24 08:00:00,5694819.0,5777366.452434958
1995-08-24 08:15:00,7888725.0,8333225.675288802
1995-08-24 08:30:00,8773755.0,8851088.142123599
1995-08-24 08:45:00,9946204.0,8999307.734191108
1995-08-24 09:00:00,6188859.0,5527350.94638439
1995-08-24 09:15:00,8117534.0,9528358.565633558
1995-08-24 09:30:00,7021565.0,10727500.846326228
1995-08-24 09:45:00,4415396.0,5208027.152075122
1995-08-24 10:00:00,7973200.0,10703334.538352065
1995-08-24 10:15:00,8070627.0,10220455.138477802
1995-08-24 10:30:00,10874293.0,11139979.750366414
1995-08-24 10:45:00,12036802.0,15853162.437331632
1995-08-24 11:00:00,12672939.0,14539934.278969198
1995-08-24 11:15:00,11961848.0,17035482.9015858
1995-08-24 11:30:00,11529912.0,17850626.88165011
1995-08-24 11:45:00,16389847.0,18240458.657639876
1995-08-24 12:00:00,10933008.0,13849377.334566439
1995-08-24 12:15:00,10618594.0,15040994.142305758
1995-08-24 12:30:00,12072182.0,19543965.72863181
1995-08-24 12:45:00,13555997.0,19535580.67199835
1995-08-24 13:00:00,16316080.0,19558163.78863894
1995-08-24 13:15:00,8118278.0,15521667.987257093
1995-08-24 13:30:00,2501123.0,7888641.897286184
1995-08-24 13:45:00,4099633.0,5540019.561250921
1995-08-24 14:00:00,1762995.0,5482009.499293241
1995-08-24 14:15:00,6507794.0,8512132.856636478
1995-08-24 14:30:00,3092230.0,5686753.416995335
1995-08-24 14:45:00,8852455.0,10323512.481894465
1995-08-24 15:00:00,9282601.0,11170404.490795756
1995-08-24 15:15:00,12904390.0,14721118.2693944
1995-08-24 15:30:00,13974540.0,15059099.617969269
1995-08-24 15:45:00,13881830.0,15010156.891210642
1995-08-24 16:00:00,10302613.0,11491276.70619238
1995-08-24 16:15:00,13450028.0,15423408.609826691
1995-08-24 16:30:00,10577356.0,11820122.066102749
1995-08-24 16:45:00,10279562.0,10975754.059570393
1995-08-24 17:00:00,11113098.0,13250102.909915965
1995-08-24 17:15:00,9705895.0,10061352.70765777
1995-08-24 17:30:00,11153259.0,13698691.940627772
1995-08-24 17:45:00,11872538.0,12674534.253137123
1995-08-24 18:00:00,12442487.0,11672622.71157367
1995-08-24 18:15:00,11324446.0,11797039.754832162
1995-08-24 18:30:00,11987747.0,10579330.019643022
1995-08-24 18:45:00,6464498.0,6008966.396934265
1995-08-24 19:00:00,7500907.0,7497763.866621431
1995-08-24 19:15:00,6361840.0,5920679.886604499
1995-08-24 19:30:00,6090309.0,5942858.124651746
1995-08-24 19:45:00,7149697.0,6494452.02373684
1995-08-24 20:00:00,8729011.0,6514432.810049101
1995-08-24 20:15:00,5580976.0,5909865.890474
1995-08-24 20:30:00,6987039.0,8193771.374133908
1995-08-24 20:45:00,8505825.0,7159506.637885964
1995-08-24 21:00:00,5847370.0,5342704.1249694545
1995-08-24 21:15:00,6392754.0,5529156.040310524
1995-08-24 21:30:00,6147459.0,5895347.796723415
1995-08-24 21:45:00,6937374.0,7247176.268962316
1995-08-24 22:00:00,4989660.0,5662930.64302741
1995-08-24 22:15:00,5646491.0,5748057.611643283
1995-08-24 22:30:00,7437570.0,7348134.563258447
1995-08-24 22:45:00,6522319.0,5126863.9655864
1995-08-24 23:00:00,5755323.0,5143177.220030794
1995-08-24 23:15:00,5670659.0,5548942.799543484
1995-08-24 23:30:00,3754865.0,3616811.1389653883
1995-08-24 23:45:00,4687517.0,4889713.300926005
1995-08-25 00:00:00,3990006.0,4518754.367997835
1995-08-25 00:15:00,3010824.0,4471909.552449278
1995-08-25 00:30:00,6585193.0,6692191.74872113
1995-08-25 00:45:00,5028418.0,6108603.175717225
1995-08-25 01:00:00,4353388.0,3818825.4598165057
1995-08-25 01:15:00,4029091.0,3958325.7717347043
1995-08-25 01:30:00,4852133.0,6034931.84226785
1995-08-25 01:45:00,6280809.0,5624701.559908177
1995-08-25 02:00:00,5606635.0,5044321.071684348
1995-08-25 02:15:00,4103147.0,3212662.7034360017
1995-08-25 02:30:00,3460267.0,3047091.5614716667
1995-08-25 02:45:00,4524996.0,2036812.535180877
1995-08-25 03:00:00,4115927.0,2503316.5761018205
1995-08-25 03:15:00,3605749.0,2751188.3344046716
1995-08-25 03:30:00,2336293.0,2712818.968674615
1995-08-25 03:45:00,2879838.0,2803503.4286137675
1995-08-25 04:00:00,2148142.0,2651948.6204126184
1995-08-25 04:15:00,6147791.0,3595253.146956236
1995-08-25 04:30:00,3568115.0,2466773.7360338084
1995-08-25 04:45:00,3589364.0,1666547.5964141167
1995-08-25 05:00:00,5945586.0,2396865.4763887357
1995-08-25 05:15:00,4201850.0,2047930.3886031702
1995-08-25 05:30:00,6758357.0,3288837.107503931
1995-08-25 05:45:00,2686599.0,2251330.721781548
1995-08-25 06:00:00,3860405.0,2101002.729703511
1995-08-25 06:15:00,2980907.0,2113016.9630963258
1995-08-25 06:30:00,3367647.0,2277133.2724044267
1995-08-25 06:45:00,2748203.0,2316091.5064990637
1995-08-25 07:00:00,5219019.0,3658219.6406713733
1995-08-25 07:15:00,6079576.0,4719953.02673495
1995-08-25 07:30:00,6828729.0,4868051.811177425
1995-08-25 07:45:00,7724297.0,6584622.440903113
1995-08-25 08:00:00,9890534.0,7492058.748090624
1995-08-25 08:15:00,7260465.0,8333225.675288802
1995-08-25 08:30:00,9045818.0,8851088.142123599
1995-08-25 08:45:00,12327028.0,11807977.461093985
1995-08-25 09:00:00,12290370.0,9404911.46298228
1995-08-25 09:15:00,8986525.0,9528358.565633558
1995-08-25 09:30:00,13737466.0,14075536.913359294
1995-08-25 09:45:00,10512739.0,9966356.546909664
1995-08-25 10:00:00,9616975.0,10703334.538352065
1995-08-25 10:15:00,12489319.0,13410243.041112708
1995-08-25 10:30:00,14512130.0,14616749.83172396
1995-08-25 10:45:00,10821192.0,12082296.718785292
1995-08-25 11:00:00,14172703.0,14539934.278969198
1995-08-25 11:15:00,10821654.0,12983388.013489472
1995-08-25 11:30:00,15649315.0,17850626.88165011
1995-08-25 11:45:00,12109516.0,18240458.657639876
1995-08-25 12:00:00,15139154.0,18171746.121697143
1995-08-25 12:15:00,17557123.0,19735264.652637944
1995-08-25 12:30:00,14014784.0,19543965.72863181
1995-08-25 12:45:00,15007709.0,19535580.67199835
1995-08-25 13:00:00,10756157.0,14906018.852899125
1995-08-25 13:15:00,14336376.0,20365956.045239035
1995-08-25 13:30:00,12499388.0,19807598.974500798
1995-08-25 13:45:00,13594485.0,13910440.758871116
1995-08-25 14:00:00,12051279.0,13764783.235218158
1995-08-25 14:15:00,14808236.0,14483584.750516975
1995-08-25 14:30:00,14720861.0,14278874.946708629
1995-08-25 14:45:00,11796483.0,13545464.418601647
1995-08-25 15:00:00,11400774.0,14656670.085576862
1995-08-25 15:15:00,13815837.0,14721118.2693944
1995-08-25 15:30:00,14642607.0,15059099.617969269
1995-08-25 15:45:00,14192670.0,15010156.891210642
1995-08-25 16:00:00,12031455.0,15077686.012490842
1995-08-25 16:15:00,16406819.0,15423408.609826691
1995-08-25 16:30:00,12498834.0,15509163.489725484
1995-08-25 16:45:00,12260468.0,14401269.562271176
1995-08-25 17:00:00,12836134.0,13250102.909915965
1995-08-25 17:15:00,7477851.0,10061352.70765777
1995-08-25 17:30:00,10089919.0,10440292.991393583
1995-08-25 17:45:00,8305086.0,9659743.551116113
1995-08-25 18:00:00,8270153.0,8896148.742887883
1995-08-25 18:15:00,7004488.0,8990971.693164552
1995-08-25 18:30:00,5619030.0,6217567.281345157
1995-08-25 18:45:00,9086560.0,7792396.350790557
1995-08-25 19:00:00,7441992.0,7497763.866621431
1995-08-25 19:15:00,5573165.0,5920679.886604499
1995-08-25 19:30:00,7310313.0,7706667.4873450585
1995-08-25 19:45:00,6218069.0,5008079.956453606
1995-08-25 20:00:00,6128809.0,5023487.780713279
1995-08-25 20:15:00,6582266.0,5909865.890474
1995-08-25 20:30:00,6143686.0,6318479.532465957
1995-08-25 20:45:00,5663496.0,5520924.869449174
1995-08-25 21:00:00,6865061.0,5342704.1249694545
1995-08-25 21:15:00,7575092.0,7170180.777421084
1995-08-25 21:30:00,8160456.0,7645056.341347891
1995-08-25 21:45:00,6717682.0,5588529.729809746
1995-08-25 22:00:00,5708977.0,5662930.64302741
1995-08-25 22:15:00,5108054.0,5748057.611643283
1995-08-25 22:30:00,7574326.0,7348134.563258447
1995-08-25 22:45:00,7104683.0,6648490.508586897
1995-08-25 23:00:00,7028897.0,6669645.45205053
1995-08-25 23:15:00,10385569.0,7195840.143817199
1995-08-25 23:30:00,7990163.0,6921321.322105801
1995-08-25 23:45:00,5896362.0,4889713.300926005
1995-08-26 00:00:00,6101704.0,6668231.30087285
1995-08-26 00:15:00,4870857.0,6599103.386433253
1995-08-26 00:30:00,2680261.0,4534991.264033435
1995-08-26 00:45:00,5357145.0,6108603.175717225
1995-08-26 01:00:00,4559857.0,3818825.4598165057
1995-08-26 01:15:00,7682964.0,7574861.808124532
1995-08-26 01:30:00,6544770.0,6034931.84226785
1995-08-26 01:45:00,3000973.0,3811602.146912983
1995-08-26 02:00:00,3026809.0,3418304.921917376
1995-08-26 02:15:00,3472754.0,3212662.7034360017
1995-08-26 02:30:00,3034990.0,3047091.5614716667
1995-08-26 02:45:00,3978245.0,2036812.535180877
1995-08-26 03:00:00,2963204.0,2503316.5761018205
1995-08-26 03:15:00,2390677.0,2751188.3344046716
1995-08-26 03:30:00,3775975.0,2712818.968674615
1995-08-26 03:45:00,2969463.0,2803503.4286137675
1995-08-26 04:00:00,3055043.0,2651948.6204126184
1995-08-26 04:15:00,1337434.0,2436338.08259469
1995-08-26 04:30:00,2364756.0,2466773.7360338084
1995-08-26 04:45:00,1451024.0,1666547.5964141167
1995-08-26 05:00:00,1319687.0,1624245.7485716022
1995-08-26 05:15:00,2142950.0,2047930.3886031702
1995-08-26 05:30:00,1602195.0,2228693.993146494
1995-08-26 05:45:00,1149380.0,2251330.721781548
1995-08-26 06:00:00,1135620.0,2101002.729703511
1995-08-26 06:15:00,2324937.0,2113016.9630963258
1995-08-26 06:30:00,1634480.0,2277133.2724044267
1995-08-26 06:45:00,1457718.0,2316091.5064990637
1995-08-26 07:00:00,1364766.0,2479007.5860469085
1995-08-26 07:15:00,1563829.0,3198495.5821060603
1995-08-26 07:30:00,1842942.0,3298855.3325254866
1995-08-26 07:45:00,3536684.0,3440865.505561309
1995-08-26 08:00:00,3204266.0,3915056.1392565025
1995-08-26 08:15:00,5680678.0,6426017.210456721
1995-08-26 08:30:00,5351551.0,6825357.544464253
1995-08-26 08:45:00,3511024.0,4702685.360386772
1995-08-26 09:00:00,3851780.0,3745632.1032478367
1995-08-26 09:15:00,5675913.0,7347622.459299584
1995-08-26 09:30:00,4379835.0,5605771.318596821
1995-08-26 09:45:00,3855350.0,5208027.152075122
1995-08-26 10:00:00,3267528.0,5593142.953606822
1995-08-26 10:15:00,2601941.0,5340809.112861108
1995-08-26 10:30:00,4101596.0,5821316.62061249
1995-08-26 10:45:00,4515476.0,6313734.52020172
1995-08-26 11:00:00,3701882.0,5790723.796686456
1995-08-26 11:15:00,5032263.0,10011906.322437305
1995-08-26 11:30:00,3161895.0,7109251.519716667
1995-08-26 11:45:00,4330220.0,7264507.251869021
1995-08-26 12:00:00,4105411.0,7237141.563044019
1995-08-26 12:15:00,6096090.0,11598592.308312329
1995-08-26 12:30:00,4036151.0,7783646.421986177
1995-08-26 12:45:00,4986234.0,11481236.23922967
1995-08-26 13:00:00,3492652.0,7789300.989769814
1995-08-26 13:15:00,6644194.0,11969255.30492758
1995-08-26 13:30:00,6607969.0,11641103.839013964
1995-08-26 13:45:00,5778790.0,8175290.984481979
1995-08-26 14:00:00,6615295.0,8089686.749462856
1995-08-26 14:15:00,9178815.0,11038489.588382384
1995-08-26 14:30:00,6660351.0,8391823.066133099
1995-08-26 14:45:00,6880124.0,7960791.110906703
1995-08-26 15:00:00,6741411.0,8613856.662789691
1995-08-26 15:15:00,6889413.0,8651733.43932488
1995-08-26 15:30:00,7195215.0,11477111.309576418
1995-08-26 15:45:00,7942261.0,11439810.200144041
1995-08-26 16:00:00,7049896.0,11491276.70619238
1995-08-26 16:15:00,5105018.0,9064475.780717865
1995-08-26 16:30:00,8338053.0,11820122.066102749
1995-08-26 16:45:00,8152525.0,10975754.059570393
1995-08-26 17:00:00,6002193.0,7787204.49916824
1995-08-26 17:15:00,4263290.0,5257668.420896919
1995-08-26 17:30:00,6510458.0,8050844.301967226
1995-08-26 17:45:00,4923018.0,7448937.629535539
1995-08-26 18:00:00,5349779.0,6860105.216891206
1995-08-26 18:15:00,6125295.0,6933226.230789949
1995-08-26 18:30:00,6412342.0,6217567.281345157
1995-08-26 18:45:00,6783895.0,6008966.396934265
1995-08-26 19:00:00,9155567.0,7497763.866621431
1995-08-26 19:15:00,5905431.0,5920679.886604499
1995-08-26 19:30:00,8109172.0,7706667.4873450585
1995-08-26 19:45:00,6507286.0,5008079.956453606
1995-08-26 20:00:00,4610148.0,3404187.1566018616
1995-08-26 20:15:00,6411504.0,5909865.890474
1995-08-26 20:30:00,6083175.0,6318479.532465957
1995-08-26 20:45:00,7112201.0,7159506.637885964
1995-08-26 21:00:00,5360431.0,5342704.1249694545
1995-08-26 21:15:00,5596381.0,5529156.040310524
1995-08-26 21:30:00,7866899.0,7645056.341347891
1995-08-26 21:45:00,5915382.0,5588529.729809746
1995-08-26 22:00:00,7620784.0,7343658.98601472
1995-08-26 22:15:00,8768329.0,7454051.195885394
1995-08-26 22:30:00,8239588.0,7348134.563258447
1995-08-26 22:45:00,5875720.0,5126863.9655864
1995-08-26 23:00:00,8253673.0,6669645.45205053
1995-08-26 23:15:00,10688086.0,7195840.143817199
1995-08-26 23:30:00,8595437.0,6921321.322105801
1995-08-26 23:45:00,6510851.0,4889713.300926005
1995-08-27 00:00:00,7477311.0,8647327.64717396
1995-08-27 00:15:00,7452195.0,8557682.927494433
1995-08-27 00:30:00,7701895.0,8678399.431245094
1995-08-27 00:45:00,7316392.0,7921604.806971803
1995-08-27 01:00:00,5811739.0,5635360.851667956
1995-08-27 01:15:00,6329772.0,5841218.5440006815
1995-08-27 01:30:00,4432389.0,4089596.3850635276
1995-08-27 01:45:00,5045319.0,5624701.559908177
1995-08-27 02:00:00,4281025.0,3418304.921917376
1995-08-27 02:15:00,4682446.0,3212662.7034360017
1995-08-27 02:30:00,2431067.0,3047091.5614716667
1995-08-27 02:45:00,4585063.0,2036812.535180877
1995-08-27 03:00:00,3875965.0,2503316.5761018205
1995-08-27 03:15:00,3063469.0,2751188.3344046716
1995-08-27 03:30:00,2823215.0,2712818.968674615
1995-08-27 03:45:00,1590639.0,2803503.4286137675
1995-08-27 04:00:00,1630434.0,2651948.6204126184
1995-08-27 04:15:00,2257341.0,2436338.08259469
1995-08-27 04:30:00,1966735.0,2466773.7360338084
1995-08-27 04:45:00,2437670.0,1666547.5964141167
1995-08-27 05:00:00,3759127.0,1624245.7485716022
1995-08-27 05:15:00,2657765.0,2047930.3886031702
1995-08-27 05:30:00,3786954.0,2228693.993146494
1995-08-27 05:45:00,2992306.0,2251330.721781548
1995-08-27 06:00:00,4608467.0,2101002.729703511
1995-08-27 06:15:00,4474018.0,2113016.9630963258
1995-08-27 06:30:00,3590451.0,2277133.2724044267
1995-08-27 06:45:00,2875235.0,2316091.5064990637
1995-08-27 07:00:00,3621990.0,2479007.5860469085
1995-08-27 07:15:00,3537192.0,3198495.5821060603
1995-08-27 07:30:00,2615754.0,3298855.3325254866
1995-08-27 07:45:00,1509433.0,3440865.505561309
1995-08-27 08:00:00,2245820.0,3915056.1392565025
1995-08-27 08:15:00,3172330.0,4354616.993381685
1995-08-27 08:30:00,2434865.0,4625231.613240183
1995-08-27 08:45:00,4029736.0,4702685.360386772
1995-08-27 09:00:00,4138520.0,3745632.1032478367
1995-08-27 09:15:00,4241314.0,4979146.580895139
1995-08-27 09:30:00,3573627.0,5605771.318596821
1995-08-27 09:45:00,5372021.0,7685376.730634377
1995-08-27 10:00:00,2823895.0,5593142.953606822
1995-08-27 10:15:00,3240319.0,5340809.112861108
1995-08-27 10:30:00,4793783.0,8590395.171016775
1995-08-27 10:45:00,5476200.0,9317045.965405019
1995-08-27 11:00:00,4367260.0,5790723.796686456
1995-08-27 11:15:00,2502607.0,6784609.499160109
1995-08-27 11:30:00,4818950.0,10490973.761549516
1995-08-27 11:45:00,2824423.0,7264507.251869021
1995-08-27 12:00:00,5600203.0,10679698.423377791
1995-08-27 12:15:00,4269527.0,7859833.783652942
1995-08-27 12:30:00,4758900.0,11486164.2123319
1995-08-27 12:45:00,3647666.0,7780306.960744309
1995-08-27 13:00:00,5558793.0,11494508.53973212
1995-08-27 13:15:00,5835776.0,11969255.30492758
1995-08-27 13:30:00,5160103.0,11641103.839013964
1995-08-27 13:45:00,8229297.0,10601674.80161484
1995-08-27 14:00:00,8139391.0,10490663.675156292
1995-08-27 14:15:00,2201657.0,5768281.841373608
1995-08-27 14:30:00,2750190.0,5686753.416995335
1995-08-27 14:45:00,4537592.0,5394662.839667736
1995-08-27 15:00:00,5255781.0,8613856.662789691
1995-08-27 15:15:00,4989649.0,8651733.43932488
1995-08-27 15:30:00,5500141.0,8850368.113798806
1995-08-27 15:45:00,5174414.0,8821604.03365486
1995-08-27 16:00:00,5813175.0,8861291.504811369
1995-08-27 16:15:00,4764067.0,9064475.780717865
1995-08-27 16:30:00,5998583.0,9114874.693927344
1995-08-27 16:45:00,6495099.0,8463755.481108485
1995-08-27 17:00:00,4693987.0,7787204.49916824
1995-08-27 17:15:00,4720786.0,7758631.312675141
1995-08-27 17:30:00,6849636.0,8050844.301967226
1995-08-27 17:45:00,4438258.0,5047803.222722821
1995-08-27 18:00:00,5653532.0,6860105.216891206
1995-08-27 18:15:00,8968177.0,8990971.693164552
1995-08-27 18:30:00,4092294.0,4213360.041548233
1995-08-27 18:45:00,7160255.0,7792396.350790557
1995-08-27 19:00:00,8820283.0,7497763.866621431
1995-08-27 19:15:00,6313496.0,5920679.886604499
1995-08-27 19:30:00,6355588.0,5942858.124651746
1995-08-27 19:45:00,6081276.0,5008079.956453606
1995-08-27 20:00:00,10046052.0,6514432.810049101
1995-08-27 20:15:00,5857779.0,5909865.890474
1995-08-27 20:30:00,9580104.0,8193771.374133908
1995-08-27 20:45:00,10269592.0,7159506.637885964
1995-08-27 21:00:00,6867970.0,5342704.1249694545
1995-08-27 21:15:00,6026322.0,5529156.040310524
1995-08-27 21:30:00,6822854.0,5895347.796723415
1995-08-27 21:45:00,7160631.0,7247176.268962316
1995-08-27 22:00:00,5952209.0,5662930.64302741
1995-08-27 22:15:00,7219497.0,7454051.195885394
1995-08-27 22:30:00,4763862.0,5666381.903981521
1995-08-27 22:45:00,6094645.0,5126863.9655864
1995-08-27 23:00:00,4882076.0,5143177.220030794
1995-08-27 23:15:00,6539514.0,5548942.799543484
1995-08-27 23:30:00,7310306.0,6921321.322105801
1995-08-27 23:45:00,6396820.0,4889713.300926005
1995-08-28 00:00:00,4527740.0,4518754.367997835
1995-08-28 00:15:00,4569299.0,4471909.552449278
1995-08-28 00:30:00,5353629.0,6692191.74872113
1995-08-28 00:45:00,3812161.0,4139520.067191502
1995-08-28 01:00:00,7539105.0,7307906.624062576
1995-08-28 01:15:00,3883092.0,3958325.7717347043
1995-08-28 01:30:00,3243407.0,4089596.3850635276
1995-08-28 01:45:00,3615241.0,3811602.146912983
1995-08-28 02:00:00,3601880.0,3418304.921917376
1995-08-28 02:15:00,6753855.0,4740859.151344117
1995-08-28 02:30:00,4046494.0,3047091.5614716667
1995-08-28 02:45:00,1750354.0,2036812.535180877
1995-08-28 03:00:00,4897617.0,3694091.9088178254
1995-08-28 03:15:00,4471689.0,2751188.3344046716
1995-08-28 03:30:00,4127794.0,2712818.968674615
1995-08-28 03:45:00,3543821.0,2803503.4286137675
1995-08-28 04:00:00,3859393.0,2651948.6204126184
1995-08-28 04:15:00,3594854.0,2436338.08259469
1995-08-28 04:30:00,3839854.0,2466773.7360338084
1995-08-28 04:45:00,2555182.0,1666547.5964141167
1995-08-28 05:00:00,2165000.0,1624245.7485716022
1995-08-28 05:15:00,5144978.0,3022088.037359525
1995-08-28 05:30:00,3142886.0,2228693.993146494
1995-08-28 05:45:00,4881152.0,3322241.6544522336
1995-08-28 06:00:00,3838347.0,2101002.729703511
1995-08-28 06:15:00,4998538.0,3118134.933905963
1995-08-28 06:30:00,4183905.0,2277133.2724044267
1995-08-28 06:45:00,4427521.0,2316091.5064990637
1995-08-28 07:00:00,6400144.0,3658219.6406713733
1995-08-28 07:15:00,5595430.0,4719953.02673495
1995-08-28 07:30:00,5277780.0,4868051.811177425
1995-08-28 07:45:00,7504586.0,6584622.440903113
1995-08-28 08:00:00,4894255.0,5777366.452434958
1995-08-28 08:15:00,5781455.0,6426017.210456721
1995-08-28 08:30:00,5117967.0,6825357.544464253
1995-08-28 08:45:00,7889928.0,8999307.734191108
1995-08-28 09:00:00,5420884.0,5527350.94638439
1995-08-28 09:15:00,8306034.0,9528358.565633558
1995-08-28 09:30:00,9387892.0,10727500.846326228
1995-08-28 09:45:00,13027807.0,13076840.68053636
1995-08-28 10:00:00,9220092.0,10703334.538352065
1995-08-28 10:15:00,7543398.0,10220455.138477802
1995-08-28 10:30:00,7014000.0,11139979.750366414
1995-08-28 10:45:00,10542786.0,12082296.718785292
1995-08-28 11:00:00,7376652.0,11081435.70247254
1995-08-28 11:15:00,11674943.0,17035482.9015858
1995-08-28 11:30:00,10219005.0,13604640.175296394
1995-08-28 11:45:00,11220104.0,18240458.657639876
1995-08-28 12:00:00,7745075.0,13849377.334566439
1995-08-28 12:15:00,10678527.0,15040994.142305758
1995-08-28 12:30:00,8884237.0,14895197.972553303
1995-08-28 12:45:00,17792626.0,19535580.67199835
1995-08-28 13:00:00,12875907.0,19558163.78863894
1995-08-28 13:15:00,14308659.0,20365956.045239035
1995-08-28 13:30:00,11092931.0,19807598.974500798
1995-08-28 13:45:00,9673698.0,10601674.80161484
1995-08-28 14:00:00,7839570.0,10490663.675156292
1995-08-28 14:15:00,9696595.0,11038489.588382384
1995-08-28 14:30:00,11593460.0,14278874.946708629
1995-08-28 14:45:00,12526373.0,13545464.418601647
1995-08-28 15:00:00,11018875.0,11170404.490795756
1995-08-28 15:15:00,11382324.0,14721118.2693944
1995-08-28 15:30:00,12290045.0,15059099.617969269
1995-08-28 15:45:00,12760920.0,15010156.891210642
1995-08-28 16:00:00,10230410.0,11491276.70619238
1995-08-28 16:15:00,13043370.0,15423408.609826691
1995-08-28 16:30:00,11090164.0,15509163.489725484
1995-08-28 16:45:00,12961400.0,14401269.562271176
1995-08-28 17:00:00,10528112.0,10098406.267197208
1995-08-28 17:15:00,8538151.0,10061352.70765777
1995-08-28 17:30:00,11705976.0,13698691.940627772
1995-08-28 17:45:00,9982730.0,9659743.551116113
1995-08-28 18:00:00,7156311.0,8896148.742887883
1995-08-28 18:15:00,7443416.0,8990971.693164552
1995-08-28 18:30:00,6898969.0,6217567.281345157
1995-08-28 18:45:00,6733292.0,6008966.396934265
1995-08-28 19:00:00,4901694.0,5781765.85205465
1995-08-28 19:15:00,4851674.0,5920679.886604499
1995-08-28 19:30:00,8270972.0,7706667.4873450585
1995-08-28 19:45:00,6743893.0,5008079.956453606
1995-08-28 20:00:00,6093586.0,5023487.780713279
1995-08-28 20:15:00,6744495.0,5909865.890474
1995-08-28 20:30:00,6778986.0,6318479.532465957
1995-08-28 20:45:00,7382617.0,7159506.637885964
1995-08-28 21:00:00,6508730.0,5342704.1249694545
1995-08-28 21:15:00,6767189.0,5529156.040310524
1995-08-28 21:30:00,7763340.0,7645056.341347891
1995-08-28 21:45:00,6424622.0,5588529.729809746
1995-08-28 22:00:00,5565384.0,5662930.64302741
1995-08-28 22:15:00,5334100.0,5748057.611643283
1995-08-28 22:30:00,4445847.0,3839847.0035088276
1995-08-28 22:45:00,4748763.0,5126863.9655864
1995-08-28 23:00:00,7057394.0,6669645.45205053
1995-08-28 23:15:00,6326596.0,5548942.799543484
1995-08-28 23:30:00,6083242.0,5337252.543974999
1995-08-28 23:45:00,6178250.0,4889713.300926005
1995-08-29 00:00:00,3848551.0,4518754.367997835
1995-08-29 00:15:00,5671682.0,6599103.386433253
1995-08-29 00:30:00,6108561.0,6692191.74872113
1995-08-29 00:45:00,3763066.0,4139520.067191502
1995-08-29 01:00:00,4087344.0,3818825.4598165057
1995-08-29 01:15:00,6330816.0,5841218.5440006815
1995-08-29 01:30:00,4387670.0,4089596.3850635276
1995-08-29 01:45:00,5765429.0,5624701.559908177
1995-08-29 02:00:00,3522570.0,3418304.921917376
1995-08-29 02:15:00,2502795.0,3212662.7034360017
1995-08-29 02:30:00,3370203.0,3047091.5614716667
1995-08-29 02:45:00,3197052.0,2036812.535180877
1995-08-29 03:00:00,4315800.0,2503316.5761018205
1995-08-29 03:15:00,3509192.0,2751188.3344046716
1995-08-29 03:30:00,4355781.0,2712818.968674615
1995-08-29 03:45:00,4959382.0,4137071.367981831
1995-08-29 04:00:00,5920990.0,3913425.1076314454
1995-08-29 04:15:00,3711621.0,2436338.08259469
1995-08-29 04:30:00,4073931.0,2466773.7360338084
1995-08-29 04:45:00,4050193.0,1666547.5964141167
1995-08-29 05:00:00,6046552.0,2396865.4763887357
1995-08-29 05:15:00,4814814.0,3022088.037359525
1995-08-29 05:30:00,6671741.0,3288837.107503931
1995-08-29 05:45:00,9164462.0,4308265.687391091
1995-08-29 06:00:00,7219504.0,4020590.081200411
1995-08-29 06:15:00,5489889.0,3118134.933905963
1995-08-29 06:30:00,5038946.0,3360317.9386876323
1995-08-29 06:45:00,4568315.0,2316091.5064990637
1995-08-29 07:00:00,5694159.0,3658219.6406713733
1995-08-29 07:15:00,5121813.0,4719953.02673495
1995-08-29 07:30:00,6899189.0,4868051.811177425
1995-08-29 07:45:00,6376570.0,5077613.253061999
1995-08-29 08:00:00,6912220.0,5777366.452434958
1995-08-29 08:15:00,8847459.0,8333225.675288802
1995-08-29 08:30:00,7534345.0,8851088.142123599
1995-08-29 08:45:00,8374546.0,8999307.734191108
1995-08-29 09:00:00,8610715.0,7167839.94101201
1995-08-29 09:15:00,10959856.0,9528358.565633558
1995-08-29 09:30:00,9641829.0,10727500.846326228
1995-08-29 09:45:00,8842712.0,9966356.546909664
1995-08-29 10:00:00,11990687.0,14043828.338843876
1995-08-29 10:15:00,10377203.0,10220455.138477802
1995-08-29 10:30:00,15108011.0,14616749.83172396
1995-08-29 10:45:00,12737892.0,15853162.437331632
1995-08-29 11:00:00,8198941.0,11081435.70247254
1995-08-29 11:15:00,11257657.0,17035482.9015858
1995-08-29 11:30:00,13216160.0,17850626.88165011
1995-08-29 11:45:00,14448952.0,18240458.657639876
1995-08-29 12:00:00,13259110.0,18171746.121697143
1995-08-29 12:15:00,18330751.0,19735264.652637944
1995-08-29 12:30:00,17661492.0,19543965.72863181
1995-08-29 12:45:00,15227894.0,19535580.67199835
1995-08-29 13:00:00,18083233.0,19558163.78863894
1995-08-29 13:15:00,16243560.0,20365956.045239035
1995-08-29 13:30:00,15947475.0,19807598.974500798
1995-08-29 13:45:00,17142962.0,13910440.758871116
1995-08-29 14:00:00,14861573.0,13764783.235218158
1995-08-29 14:15:00,16008585.0,14483584.750516975
1995-08-29 14:30:00,17510345.0,14278874.946708629
1995-08-29 14:45:00,18773222.0,13545464.418601647
1995-08-29 15:00:00,17892214.0,14656670.085576862
1995-08-29 15:15:00,17161710.0,14721118.2693944
1995-08-29 15:30:00,15643363.0,15059099.617969269
1995-08-29 15:45:00,17830015.0,15010156.891210642
1995-08-29 16:00:00,15749827.0,15077686.012490842
1995-08-29 16:15:00,16733761.0,15423408.609826691
1995-08-29 16:30:00,13405239.0,15509163.489725484
1995-08-29 16:45:00,13471801.0,14401269.562271176
1995-08-29 17:00:00,11375681.0,13250102.909915965
1995-08-29 17:15:00,9064372.0,10061352.70765777
1995-08-29 17:30:00,9708606.0,10440292.991393583
1995-08-29 17:45:00,10432991.0,9659743.551116113
1995-08-29 18:00:00,10720345.0,8896148.742887883
1995-08-29 18:15:00,8544875.0,8990971.693164552
1995-08-29 18:30:00,6896623.0,6217567.281345157
1995-08-29 18:45:00,8635593.0,7792396.350790557
1995-08-29 19:00:00,9217919.0,7497763.866621431
1995-08-29 19:15:00,7425667.0,7677906.8636686625
1995-08-29 19:30:00,7986418.0,7706667.4873450585
1995-08-29 19:45:00,4950537.0,5008079.956453606
1995-08-29 20:00:00,5244798.0,5023487.780713279
1995-08-29 20:15:00,9320845.0,7663883.329766433
1995-08-29 20:30:00,10403129.0,8193771.374133908
1995-08-29 20:45:00,7914729.0,7159506.637885964
1995-08-29 21:00:00,9098411.0,6928390.903967485
1995-08-29 21:15:00,9154935.0,7170180.777421084
1995-08-29 21:30:00,11973083.0,10031066.34796544
1995-08-29 21:45:00,13611040.0,9509008.533551829
1995-08-29 22:00:00,7109302.0,7343658.98601472
1995-08-29 22:15:00,8078605.0,7454051.195885394
1995-08-29 22:30:00,8753598.0,7348134.563258447
1995-08-29 22:45:00,6566902.0,5126863.9655864
1995-08-29 23:00:00,8812801.0,6669645.45205053
1995-08-29 23:15:00,7396126.0,7195840.143817199
1995-08-29 23:30:00,8953710.0,6921321.322105801
1995-08-29 23:45:00,8302780.0,6340954.7608699445
1995-08-30 00:00:00,7348917.0,8647327.64717396
1995-08-30 00:15:00,6638872.0,6599103.386433253
1995-08-30 00:30:00,7138438.0,8678399.431245094
1995-08-30 00:45:00,5996951.0,6108603.175717225
1995-08-30 01:00:00,3299774.0,3818825.4598165057
1995-08-30 01:15:00,3410486.0,3958325.7717347043
1995-08-30 01:30:00,4525064.0,4089596.3850635276
1995-08-30 01:45:00,2610290.0,3811602.146912983
1995-08-30 02:00:00,5898181.0,5044321.071684348
1995-08-30 02:15:00,4319893.0,3212662.7034360017
1995-08-30 02:30:00,4252801.0,3047091.5614716667
1995-08-30 02:45:00,4069631.0,2036812.535180877
1995-08-30 03:00:00,3100401.0,2503316.5761018205
1995-08-30 03:15:00,3883640.0,2751188.3344046716
1995-08-30 03:30:00,6156172.0,4003250.2073204825
1995-08-30 03:45:00,4539687.0,2803503.4286137675
1995-08-30 04:00:00,4526794.0,2651948.6204126184
1995-08-30 04:15:00,4594292.0,2436338.08259469
1995-08-30 04:30:00,4393312.0,2466773.7360338084
1995-08-30 04:45:00,6149576.0,2459289.4284109822
1995-08-30 05:00:00,4715096.0,2396865.4763887357
1995-08-30 05:15:00,2966726.0,2047930.3886031702
1995-08-30 05:30:00,3544618.0,2228693.993146494
1995-08-30 05:45:00,3097562.0,2251330.721781548
1995-08-30 06:00:00,3990655.0,2101002.729703511
1995-08-30 06:15:00,3979989.0,2113016.9630963258
1995-08-30 06:30:00,4960029.0,3360317.9386876323
1995-08-30 06:45:00,8740104.0,4432195.354404299
1995-08-30 07:00:00,7759614.0,4743960.191373624
1995-08-30 07:15:00,6475285.0,4719953.02673495
1995-08-30 07:30:00,7858848.0,6312864.253697923
1995-08-30 07:45:00,5766000.0,5077613.253061999
1995-08-30 08:00:00,10871983.0,7492058.748090624
1995-08-30 08:15:00,8110773.0,8333225.675288802
1995-08-30 08:30:00,12687008.0,11613498.768496746
1995-08-30 08:45:00,12612353.0,11807977.461093985
1995-08-30 09:00:00,12344568.0,9404911.46298228
1995-08-30 09:15:00,14086523.0,12502144.221245006
1995-08-30 09:30:00,13631351.0,14075536.913359294
1995-08-30 09:45:00,18147593.0,13076840.68053636
1995-08-30 10:00:00,14648363.0,14043828.338843876
1995-08-30 10:15:00,13851847.0,13410243.041112708
1995-08-30 10:30:00,14710487.0,14616749.83172396
1995-08-30 10:45:00,16142331.0,15853162.437331632
1995-08-30 11:00:00,20895148.0,14539934.278969198
1995-08-30 11:15:00,16486442.0,17035482.9015858
1995-08-30 11:30:00,13671916.0,17850626.88165011
1995-08-30 11:45:00,10929493.0,13901745.765839512
1995-08-30 12:00:00,15625331.0,18171746.121697143
1995-08-30 12:15:00,11851084.0,19735264.652637944
1995-08-30 12:30:00,10343672.0,14895197.972553303
1995-08-30 12:45:00,13150835.0,19535580.67199835
1995-08-30 13:00:00,15449185.0,19558163.78863894
1995-08-30 13:15:00,17375612.0,20365956.045239035
1995-08-30 13:30:00,15582577.0,19807598.974500798
1995-08-30 13:45:00,16465964.0,13910440.758871116
1995-08-30 14:00:00,15547494.0,13764783.235218158
1995-08-30 14:15:00,13462921.0,14483584.750516975
1995-08-30 14:30:00,16477182.0,14278874.946708629
1995-08-30 14:45:00,19553342.0,13545464.418601647
1995-08-30 15:00:00,19326949.0,14656670.085576862
1995-08-30 15:15:00,17279329.0,14721118.2693944
1995-08-30 15:30:00,18537069.0,15059099.617969269
1995-08-30 15:45:00,17450753.0,15010156.891210642
1995-08-30 16:00:00,18022318.0,15077686.012490842
1995-08-30 16:15:00,18138440.0,15423408.609826691
1995-08-30 16:30:00,15629847.0,15509163.489725484
1995-08-30 16:45:00,18905312.0,14401269.562271176
1995-08-30 17:00:00,12373365.0,13250102.909915965
1995-08-30 17:15:00,15182224.0,13201484.99298079
1995-08-30 17:30:00,15388558.0,13698691.940627772
1995-08-30 17:45:00,17365180.0,12674534.253137123
1995-08-30 18:00:00,12369417.0,11672622.71157367
1995-08-30 18:15:00,10265137.0,8990971.693164552
1995-08-30 18:30:00,12633479.0,10579330.019643022
1995-08-30 18:45:00,11592837.0,10224390.94159017
1995-08-30 19:00:00,17859893.0,9837804.12456675
1995-08-30 19:15:00,14503847.0,10074169.466405882
1995-08-30 19:30:00,11524647.0,10111906.235296186
1995-08-30 19:45:00,9023840.0,6494452.02373684
1995-08-30 20:00:00,11296497.0,8547576.99868622
1995-08-30 20:15:00,13287092.0,10055769.209726883
1995-08-30 20:30:00,9666642.0,8193771.374133908
1995-08-30 20:45:00,10793612.0,7159506.637885964
1995-08-30 21:00:00,16224752.0,9090730.759753272
1995-08-30 21:15:00,10065434.0,7170180.777421084
1995-08-30 21:30:00,8262764.0,7645056.341347891
1995-08-30 21:45:00,10365430.0,7247176.268962316
1995-08-30 22:00:00,12188915.0,9635603.354174696
1995-08-30 22:15:00,13145866.0,9780448.798350455
1995-08-30 22:30:00,12957190.0,9641475.752005756
1995-08-30 22:45:00,12553609.0,8723473.893155815
1995-08-30 23:00:00,13314545.0,8751231.261054266
1995-08-30 23:15:00,14242165.0,9441650.484848773
1995-08-30 23:30:00,11413101.0,9081454.77256095
1995-08-30 23:45:00,13708073.0,8319956.72441563
1995-08-31 00:00:00,12106281.0,11346144.944970347
1995-08-31 00:15:00,13881023.0,11228522.249897892
1995-08-31 00:30:00,6278486.0,6692191.74872113
1995-08-31 00:45:00,9626530.0,7921604.806971803
1995-08-31 01:00:00,6653420.0,5635360.851667956
1995-08-31 01:15:00,8331208.0,7574861.808124532
1995-08-31 01:30:00,4423730.0,4089596.3850635276
1995-08-31 01:45:00,7810117.0,7294083.709983161
1995-08-31 02:00:00,5645466.0,5044321.071684348
1995-08-31 02:15:00,7533027.0,6147921.474380987
1995-08-31 02:30:00,8767195.0,5831075.769373848
1995-08-31 02:45:00,6691791.0,3005681.6536193304
1995-08-31 03:00:00,6175270.0,3694091.9088178254
1995-08-31 03:15:00,6298988.0,4059871.077746145
1995-08-31 03:30:00,4826504.0,4003250.2073204825
1995-08-31 03:45:00,8247407.0,5364932.619238673
1995-08-31 04:00:00,7015563.0,5074909.312749318
1995-08-31 04:15:00,5493907.0,3595253.146956236
1995-08-31 04:30:00,4553086.0,2466773.7360338084
1995-08-31 04:45:00,6574428.0,2459289.4284109822
1995-08-31 05:00:00,4463652.0,1624245.7485716022
1995-08-31 05:15:00,7281021.0,3919028.03884922
1995-08-31 05:30:00,5259407.0,3288837.107503931
1995-08-31 05:45:00,7635422.0,4308265.687391091
1995-08-31 06:00:00,5836096.0,3100405.780993087
1995-08-31 06:15:00,7751114.0,4043581.1544291424
1995-08-31 06:30:00,5883399.0,3360317.9386876323
1995-08-31 06:45:00,5351289.0,3417807.78984139
1995-08-31 07:00:00,8471791.0,4743960.191373624
1995-08-31 07:15:00,9747930.0,6120810.520790572
1995-08-31 07:30:00,12585887.0,8283099.2143320795
1995-08-31 07:45:00,13054670.0,8639672.702445503
1995-08-31 08:00:00,11258134.0,9830318.447555317
1995-08-31 08:15:00,15312652.0,10934012.243872257
1995-08-31 08:30:00,17171972.0,11613498.768496746
1995-08-31 08:45:00,13245480.0,11807977.461093985
1995-08-31 09:00:00,17397745.0,9404911.46298228
1995-08-31 09:15:00,17584189.0,12502144.221245006
1995-08-31 09:30:00,16009233.0,14075536.913359294
1995-08-31 09:45:00,20131235.0,13076840.68053636
1995-08-31 10:00:00,17947562.0,14043828.338843876
1995-08-31 10:15:00,17761802.0,13410243.041112708
1995-08-31 10:30:00,21915212.0,14616749.83172396
1995-08-31 10:45:00,19986327.0,15853162.437331632
1995-08-31 11:00:00,21563319.0,14539934.278969198
1995-08-31 11:15:00,18693841.0,17035482.9015858
1995-08-31 11:30:00,20791646.0,17850626.88165011
1995-08-31 11:45:00,20758914.0,18240458.657639876
1995-08-31 12:00:00,20597731.0,18171746.121697143
1995-08-31 12:15:00,16985193.0,19735264.652637944
1995-08-31 12:30:00,14758578.0,19543965.72863181
1995-08-31 12:45:00,18311560.0,19535580.67199835
1995-08-31 13:00:00,16855706.0,19558163.78863894
1995-08-31 13:15:00,17419474.0,20365956.045239035
1995-08-31 13:30:00,20840954.0,19807598.974500798
1995-08-31 13:45:00,16771518.0,13910440.758871116
1995-08-31 14:00:00,19334175.0,13764783.235218158
1995-08-31 14:15:00,17059221.0,14483584.750516975
1995-08-31 14:30:00,21433319.0,14278874.946708629
1995-08-31 14:45:00,19209451.0,13545464.418601647
1995-08-31 15:00:00,14308097.0,14656670.085576862
1995-08-31 15:15:00,19608215.0,14721118.2693944
1995-08-31 15:30:00,17131216.0,15059099.617969269
1995-08-31 15:45:00,21004056.0,15010156.891210642
1995-08-31 16:00:00,12902919.0,15077686.012490842
1995-08-31 16:15:00,4338348.0,6142579.295707378
1995-08-31 16:30:00,12827073.0,15509163.489725484
1995-08-31 16:45:00,13205534.0,14401269.562271176
1995-08-31 17:00:00,10756228.0,10098406.267197208
1995-08-31 17:15:00,15480727.0,13201484.99298079
1995-08-31 17:30:00,15863037.0,13698691.940627772
1995-08-31 17:45:00,10679466.0,9659743.551116113
1995-08-31 18:00:00,12092215.0,11672622.71157367
1995-08-31 18:15:00,14551188.0,11797039.754832162
1995-08-31 18:30:00,11393530.0,10579330.019643022
1995-08-31 18:45:00,11258634.0,10224390.94159017
1995-08-31 19:00:00,8487544.0,7497763.866621431
1995-08-31 19:15:00,10235023.0,7677906.8636686625
1995-08-31 19:30:00,10105530.0,7706667.4873450585
1995-08-31 19:45:00,11150386.0,8521360.240531176
1995-08-31 20:00:00,11741498.0,8547576.99868622
1995-08-31 20:15:00,9758863.0,7663883.329766433
1995-08-31 20:30:00,10006967.0,8193771.374133908
1995-08-31 20:45:00,11118492.0,9393977.349115392
1995-08-31 21:00:00,8573726.0,6928390.903967485
1995-08-31 21:15:00,8191962.0,7170180.777421084
1995-08-31 21:30:00,8611148.0,7645056.341347891
1995-08-31 21:45:00,9604031.0,7247176.268962316
1995-08-31 22:00:00,6328716.0,5662930.64302741
1995-08-31 22:15:00,11527444.0,9780448.798350455
1995-08-31 22:30:00,9362824.0,7348134.563258447
1995-08-31 22:45:00,10075139.0,6648490.508586897
1995-08-31 23:00:00,11921749.0,8751231.261054266
1995-08-31 23:15:00,10537971.0,7195840.143817199
1995-08-31 23:30:00,10072595.0,6921321.322105801
1995-08-31 23:45:00,6292912.0,4889713.300926005
