timestamp,actual,prophet_pred,lstm_pred,hybrid_pred,hybrid_residual
1995-08-23 00:00:00,443,455.147351954788,525.1569850287237,384.7902962907255,58.20970370927449
1995-08-23 00:15:00,413,448.31798987221055,558.572931989173,411.37688116859727,1.623118831402735
1995-08-23 00:30:00,307,441.64287980580906,552.6496760687628,398.7785151817856,-91.77851518178562
1995-08-23 00:45:00,334,414.8086290332288,511.9734370550909,331.26802539553347,2.7319746044665294
1995-08-23 01:00:00,190,384.24863415076396,530.3267466864386,319.0613401444163,-129.0613401444163
1995-08-23 01:15:00,321,376.32735269357437,478.16343186710264,258.9767438678908,62.023256132109225
1995-08-23 01:30:00,286,382.0403512298171,522.2309672674933,308.7572778045241,-22.757277804524108
1995-08-23 01:45:00,289,377.00572796541235,510.6842906317511,292.1759779043772,-3.1759779043771914
1995-08-23 02:00:00,278,358.8585857531939,515.6687342963019,279.0132793567095,-1.0132793567095177
1995-08-23 02:15:00,356,340.67389258592925,519.4568583807745,264.61671027391753,91.38328972608247
1995-08-23 02:30:00,244,321.9337634162454,572.7426993689337,299.1624220923929,-55.16242209239289
1995-08-23 02:45:00,277,299.5562349895921,542.9270160040655,246.9692103008714,30.030789699128604
1995-08-23 03:00:00,244,283.9258055365167,564.3340041479864,252.7457689917169,-8.745768991716886
1995-08-23 03:15:00,313,284.99275661498234,563.971218808631,253.44993473082707,59.55006526917293
1995-08-23 03:30:00,264,291.21880079553483,596.9590778193274,292.66383792207597,-28.66383792207597
1995-08-23 03:45:00,286,287.13582482084854,578.3924739203253,270.0142580483876,15.985741951612397
1995-08-23 04:00:00,254,272.79061759405226,590.3826896986761,267.65926659994216,-13.659266599942157
1995-08-23 04:15:00,189,258.50960854884045,585.2213389715948,248.21690682764904,-59.21690682764904
1995-08-23 04:30:00,251,248.66479867249984,562.502821668128,215.65357964784164,35.34642035215836
1995-08-23 04:45:00,208,245.54901763493967,583.7199570975104,233.7549340396638,-25.754934039663794
1995-08-23 05:00:00,215,249.2644126235705,572.3957927069464,226.14616463773066,-11.146164637730664
1995-08-23 05:15:00,240,253.86694163569052,569.2321021399298,227.58500308283408,12.414996917165922
1995-08-23 05:30:00,281,251.715849167564,577.2968966803351,233.49870515511282,47.501294844887184
1995-08-23 05:45:00,193,248.8025347267191,602.2721865019598,255.5606805358927,-62.560680535892686
1995-08-23 06:00:00,323,255.31530166646712,569.877468808631,229.67872978231185,93.32127021768815
1995-08-23 06:15:00,370,269.43638440842466,618.9986903509894,292.9210340666278,77.07896593337222
1995-08-23 06:30:00,320,282.09597192321615,650.0013911566534,336.58332238708334,-16.583322387083342
1995-08-23 06:45:00,337,299.428445597903,633.9771373114386,337.89154221655537,-0.891542216555365
1995-08-23 07:00:00,318,334.4311599298415,630.5003840765753,369.41750331363056,-51.41750331363056
1995-08-23 07:15:00,433,384.6773879349807,611.3347709021368,400.4981181443313,32.50188185566873
1995-08-23 07:30:00,480,433.3118864089057,629.5087039313116,467.3065496474311,12.693450352568902
1995-08-23 07:45:00,493,477.2386694838065,629.3001048407355,511.02473363175574,-18.024733631755737
1995-08-23 08:00:00,592,527.701770439379,617.042601331214,549.2303310778067,42.76966892219332
1995-08-23 08:15:00,650,586.0375643064249,634.9967639288702,625.5202875425089,24.479712457491132
1995-08-23 08:30:00,719,632.9010289013447,643.4880053839483,680.8749935925068,38.125006407493174
1995-08-23 08:45:00,685,656.0476222189044,655.2120539984503,715.7456355245685,-30.745635524568456
1995-08-23 09:00:00,672,668.9538165689411,634.6191432318487,708.0589191080036,-36.05891910800358
1995-08-23 09:15:00,711,694.6190117909974,620.0041510901251,719.1091221883363,-8.1091221883363
1995-08-23 09:30:00,617,730.8029719385594,618.3757922491827,753.6647234949559,-136.66472349495587
1995-08-23 09:45:00,832,751.898177801134,557.8097522101202,714.193889318468,117.806110681532
1995-08-23 10:00:00,611,743.585392731342,621.269366010169,769.3407180487249,-158.34071804872485
1995-08-23 10:15:00,686,728.3266619791535,542.620238049964,675.4328593363313,10.567140663668738
1995-08-23 10:30:00,867,737.2324566009918,560.2963130316534,702.014728939859,164.98527106014103
1995-08-23 10:45:00,739,770.1668629591685,641.6213900885382,816.2742123549205,-77.27421235492045
1995-08-23 11:00:00,1027,797.6900820409153,597.5629858813086,799.7390272294376,227.26097277056238
1995-08-23 11:15:00,770,806.7954548987989,702.3017299017706,913.5831441077833,-143.58314410778326
1995-08-23 11:30:00,1201,814.8998540886257,623.6354510626593,843.0212644584988,357.97873554150124
1995-08-23 11:45:00,664,837.9702052305743,804.5444667181769,1047.000631255965,-383.0006312559649
1995-08-23 12:00:00,1013,863.4207092905227,601.6364543280401,869.5431229257766,143.45687707422337
1995-08-23 12:15:00,1194,874.218326758536,705.326121076087,984.0304071418368,209.9695928581632
1995-08-23 12:30:00,1175,873.9082356682013,800.5326564154425,1078.9268513908576,96.07314860914244
1995-08-23 12:45:00,1040,876.188870576538,820.0320308050909,1100.7068606888427,-60.70686068884265
1995-08-23 13:00:00,972,879.0743524983119,741.8721797308722,1025.4324915363977,-53.43249153639772
1995-08-23 13:15:00,1189,873.6051156897644,718.3387095770636,996.4297845740417,192.57021542595828
1995-08-23 13:30:00,1030,862.6796424628072,808.1829860052862,1075.3485877753074,-45.34858777530735
1995-08-23 13:45:00,1144,859.7367856010605,755.8578975043097,1020.080642412584,123.91935758741602
1995-08-23 14:00:00,1083,867.0413875244423,792.2212855658331,1063.748632397489,19.25136760251098
1995-08-23 14:15:00,987,874.373232388746,774.4117915472784,1053.2709832432383,-66.27098324323833
1995-08-23 14:30:00,876,873.1457114673938,732.4574611029425,1010.08913187755,-134.08913187755002
1995-08-23 14:45:00,986,868.9560099222015,666.0038935980597,939.4458628274749,46.55413717252509
1995-08-23 15:00:00,1002,872.2702121745364,695.1343028387823,971.8904743205325,30.109525679467538
1995-08-23 15:15:00,938,886.3854771847817,696.1753642401495,987.046800732145,-49.046800732145016
1995-08-23 15:30:00,1071,902.0666676567766,658.2362658819952,964.7888928459856,106.21110715401437
1995-08-23 15:45:00,1334,909.2579144337719,700.7295787176886,1014.4734524586743,319.5265475413257
1995-08-23 16:00:00,1362,903.0655639721782,841.1092250189581,1148.66074829835,213.33925170165003
1995-08-23 16:15:00,1333,881.4345750517592,898.2641322455206,1184.1846666044935,148.8153333955065
1995-08-23 16:30:00,1139,840.3780700589273,911.3104884466925,1156.1745178128335,-17.17451781283353
1995-08-23 16:45:00,738,786.5624659282117,854.9227626166144,1045.9711878520397,-307.97118785203975
1995-08-23 17:00:00,651,739.4268527826325,707.1223170599737,851.03512914982,-200.03512914982002
1995-08-23 17:15:00,749,712.1757437039121,643.9520480475226,760.6137510586484,-11.613751058648404
1995-08-23 17:30:00,728,692.4811638743708,654.2362658819952,751.2033890635798,-23.203389063579834
1995-08-23 17:45:00,703,663.0528048137318,631.1785838446417,698.7173479655872,4.282652034412763
1995-08-23 18:00:00,660,626.0629293842841,614.623053296546,645.1719419880438,14.82805801195616
1995-08-23 18:15:00,657,595.7027910021369,618.8232314429083,619.011981752259,37.988018247741024
1995-08-23 18:30:00,586,572.7907174105783,638.2129580817023,615.4896347994943,-29.489634799494297
1995-08-23 18:45:00,553,552.736161346215,620.7289664587774,577.9510871122062,-24.95108711220621
1995-08-23 19:00:00,560,539.1087720554876,610.1342236838141,553.7289550465155,6.271044953484534
1995-08-23 19:15:00,519,533.0957396769621,614.5276915869513,552.1093905711272,-33.109390571127165
1995-08-23 19:30:00,529,520.5060470032854,599.1286878428259,524.1206941533251,4.879305846674924
1995-08-23 19:45:00,592,499.1743359890889,601.4190885863104,505.07938388261306,86.92061611738694
1995-08-23 20:00:00,635,492.46711052402594,640.6500918707648,537.6031617020044,97.3968382979956
1995-08-23 20:15:00,487,512.8351245679893,677.0435435614386,594.3646274366416,-107.36462743664163
1995-08-23 20:30:00,557,530.1805936135571,616.3371150336066,551.0036679543774,5.99633204562258
1995-08-23 20:45:00,464,516.6197712008844,626.9116809210577,548.0174114291559,-84.01741142915591
1995-08-23 21:00:00,365,493.04874167758,593.4915196738043,491.02622065859805,-126.02622065859805
1995-08-23 21:15:00,292,497.98608280999076,543.0240123114386,445.4960544286431,-153.4960544286431
1995-08-23 21:30:00,309,525.6725487393056,478.3939616522589,408.5524696987783,-99.55246969877828
1995-08-23 21:45:00,364,541.6190470137033,449.5796382269659,395.68464454788295,-31.684644547882954
1995-08-23 22:00:00,409,535.3471712170619,445.4695308050909,385.30266132936663,23.69733867063337
1995-08-23 22:15:00,455,523.825920460312,463.9979731879034,392.30985295542916,62.690147044570836
1995-08-23 22:30:00,447,513.7596765167696,498.9731395087042,417.2187753326875,29.781224667312472
1995-08-23 22:45:00,538,503.44789371738744,515.6495845160284,423.58343754062963,114.41656245937037
1995-08-23 23:00:00,504,499.53336754716094,576.66192887638,480.6812557307547,23.318744269245315
1995-08-23 23:15:00,412,503.9847978767234,585.327941640357,493.7986988242942,-81.7986988242942
1995-08-23 23:30:00,506,497.122009215349,549.8272578558722,451.43522637843495,54.56477362156505
1995-08-23 23:45:00,363,469.6295124186604,586.1839444479742,460.2994161738484,-97.29941617384839
1995-08-24 00:00:00,394,452.01453790925467,544.8451678595343,401.3456650760027,-7.345665076002717
1995-08-24 00:15:00,244,445.18932100652984,548.8330256781378,398.5083059918814,-154.5083059918814
1995-08-24 00:30:00,425,438.5182629162294,479.7604167303839,322.76463895382705,102.23536104617295
1995-08-24 00:45:00,343,411.70025216798416,549.4096705755987,365.59588205079666,-22.59588205079666
1995-08-24 01:00:00,304,381.15875006745836,534.6081302008429,320.252839575515,-16.252839575514997
1995-08-24 01:15:00,322,373.24227433861154,531.0985209784308,308.82675462425607,13.173245375743932
1995-08-24 01:30:00,247,378.9518353666749,541.3651721319952,324.8029668058839,-77.8029668058839
1995-08-24 01:45:00,191,373.9202726095418,514.6712901434698,293.0775220602254,-102.07752206022542
1995-08-24 02:00:00,193,355.7841188816883,475.55263779971983,235.8227159886219,-42.822715988621894
1995-08-24 02:15:00,182,337.6104370371881,470.149851544837,212.24624788923887,-30.246247889238873
1995-08-24 02:30:00,240,318.8816551579786,466.48965714786436,189.85727161305675,50.14272838694325
1995-08-24 02:45:00,245,296.51767340740514,497.4997432074347,198.50337592205358,46.49662407794642
1995-08-24 03:00:00,206,280.89671134335265,522.0693461737433,207.45201682430968,-1.4520168243096805
1995-08-24 03:15:00,165,281.96303424165046,523.6633555731573,210.11234912202156,-45.112349122021556
1995-08-24 03:30:00,196,288.18533088337193,509.15234635684874,201.82363654743443,-5.8236365474344325
1995-08-24 03:45:00,103,284.10484051767884,519.4168422064581,208.0076420313507,-105.00764203135071
1995-08-24 04:00:00,138,269.76832387003253,477.31650803897764,151.57079121622394,-13.570791216223938
1995-08-24 04:15:00,145,255.4959667007736,483.9290263495245,143.9109523575119,1.0890476424881115
1995-08-24 04:30:00,159,245.65712647338512,492.14309190128233,142.2861776818812,16.713822318118787
1995-08-24 04:45:00,153,242.54324645428784,506.31866715763,153.3478729191316,-0.34787291913158924
1995-08-24 05:00:00,169,246.2564119876958,508.35622666690733,159.0985979618169,9.901402038183107
1995-08-24 05:15:00,104,250.85617510162803,521.0033824286261,176.34551683746787,-72.34551683746787
1995-08-24 05:30:00,182,248.7064003577435,493.1599604925909,146.35232015754818,35.64767984245182
1995-08-24 05:45:00,179,245.79486454617225,523.1494853338995,173.43030918728553,5.5696908127144695
1995-08-24 06:00:00,197,252.30371047664258,529.8600337347784,186.64970351863477,10.350296481365234
1995-08-24 06:15:00,228,266.41627161832105,538.1553752264776,209.05760615201245,18.942393847987546
1995-08-24 06:30:00,264,279.0682211552776,549.4100749335089,232.96425539600028,31.035744603999717
1995-08-24 06:45:00,211,296.3902311535694,569.1588542303839,270.03504469116706,-59.03504469116706
1995-08-24 07:00:00,199,331.3717967543352,543.0292422613898,278.8869983229387,-79.88699832293872
1995-08-24 07:15:00,337,381.5876581965981,514.8997905096808,300.97340801349264,36.026591986507356
1995-08-24 07:30:00,323,430.19276432250507,544.5858027777472,379.264526407466,-56.26452640746601
1995-08-24 07:45:00,603,474.09300140540205,520.5114619574347,399.0904226700505,203.9095773299495
1995-08-24 08:00:00,478,524.5256035394174,624.1803233465948,553.191886193226,-75.19188619322597
1995-08-24 08:15:00,663,582.8261375509712,576.871271832923,564.183368691108,98.81663130889206
1995-08-24 08:30:00,591,629.661279238206,630.4409510931769,664.5881896385966,-73.58818963859665
1995-08-24 08:45:00,760,652.7938911550981,592.8098957381048,650.0897462004167,109.9102537995833
1995-08-24 09:00:00,746,665.6922964462572,654.037733777503,724.215989530974,21.784010469026043
1995-08-24 09:15:00,810,691.341986901951,650.2762210211554,746.1041672303202,63.89583276967983
1995-08-24 09:30:00,628,727.5040811618177,675.2063014349737,807.1963419040052,-179.19634190400518
1995-08-24 09:45:00,594,748.5865454194931,585.8120610556402,738.8845657823471,-144.88456578234707
1995-08-24 10:00:00,777,740.2788024832299,540.4044825873175,685.1692443777612,91.83075562223883
1995-08-24 10:15:00,836,725.0293143772901,599.0999388537207,728.6152125382246,107.38478746177543
1995-08-24 10:30:00,996,733.929738561321,645.4230906805792,783.8387885491139,212.16121145088607
1995-08-24 10:45:00,1220,766.8442433135033,727.1748530707159,898.505055691433,321.494944308567
1995-08-24 11:00:00,977,794.3508329358427,857.1906764349737,1056.0274686780303,-79.02746867803035
1995-08-24 11:15:00,1018,803.4507142932553,772.1181208929816,980.0547944934506,37.94520550654943
1995-08-24 11:30:00,874,811.5502272569166,779.6733577093878,995.7095442735182,-121.70954427351819
1995-08-24 11:45:00,1040,834.6066413510964,718.6611659369269,957.753766595237,82.24623340476296
1995-08-24 12:00:00,1003,860.0417687650537,759.6203334173956,1024.1480614896632,-21.148061489663178
1995-08-24 12:15:00,981,870.8328709372892,723.4617564520636,998.7805866965665,-17.780586696566502
1995-08-24 12:30:00,1077,870.522982058248,703.708430036048,978.7173714015097,98.2826285984903
1995-08-24 12:45:00,1197,872.8022523793373,736.1597010931769,1013.447912779728,183.55208722027203
1995-08-24 13:00:00,1080,875.6860039027879,805.9530665716925,1086.1250297816941,-6.125029781694138
1995-08-24 13:15:00,693,870.2200894363431,767.1014735541144,1041.8075222976713,-348.8075222976713
1995-08-24 13:30:00,514,859.3012384314106,605.6076218924322,869.3948196310566,-355.39481963105663
1995-08-24 13:45:00,422,856.3601760916415,482.01228593204405,742.8584213308993,-320.8584213308993
1995-08-24 14:00:00,383,863.6603749903345,365.69812272403624,633.8444570215845,-250.8444570215845
1995-08-24 14:15:00,899,870.9878002968115,258.1381251654425,533.6118847694678,365.3881152305322
1995-08-24 14:30:00,321,869.7610364534061,519.8311717352667,794.0781674958865,-473.07816749588653
1995-08-24 14:45:00,993,865.5738835300231,227.06689713809874,497.12673997533557,495.87326002466443
1995-08-24 15:00:00,860,868.886096028129,636.9138171515265,910.2858724868693,-50.285872486869266
1995-08-24 15:15:00,1054,882.9928386682691,624.4713809332648,911.9501789087476,142.0498210912524
1995-08-24 15:30:00,1214,898.6645595677118,698.7876689276495,1001.938187802575,212.06181219742496
1995-08-24 15:45:00,964,905.851471521361,793.3448970160284,1103.6823278446032,-139.68232784460315
1995-08-24 16:00:00,945,899.6628808694734,693.5146128973761,997.6634530740632,-52.66345307406323
1995-08-24 16:15:00,975,878.0449894873449,668.2178675970831,950.7488163916418,24.251183608358247
1995-08-24 16:30:00,863,837.0133313157022,687.8708216986456,929.3701123215616,-66.37011232156158
1995-08-24 16:45:00,733,783.2302914353039,654.0632579169073,841.779508659425,-108.779508659425
1995-08-24 17:00:00,747,736.1232026564102,595.6601340315142,736.2692959951381,10.730704004861877
1995-08-24 17:15:00,654,708.8885913424699,607.5974852881232,720.9720359378068,-66.97203593780682
1995-08-24 17:30:00,873,689.2059389613353,578.4875495276251,672.1794477961741,200.82055220382586
1995-08-24 17:45:00,511,659.7953949607729,673.6941859564581,737.9755402244448,-226.97554022444479
1995-08-24 18:00:00,654,622.8279084128211,555.2297541937628,582.5436219137977,71.45637808620233
1995-08-24 18:15:00,702,592.4861491550067,608.5093571982184,605.4814656604389,96.51853433956114
1995-08-24 18:30:00,672,569.587949893799,654.9526660284796,629.0265752294923,42.97342477050768
1995-08-24 18:45:00,492,549.5455399218183,668.6206614813605,622.6521607103925,-130.65216071039254
1995-08-24 19:00:00,444,535.9264092918652,591.4932238898077,531.9055924888867,-87.90559248888667
1995-08-24 19:15:00,476,529.9170299769129,569.0023295721808,503.4053188563074,-27.405318856307417
1995-08-24 19:30:00,465,517.3349684653953,569.8698336920538,491.69076146466284,-26.69076146466284
1995-08-24 19:45:00,501,496.0161765717452,559.5398089728155,460.0419448517745,40.958055148225526
1995-08-24 20:00:00,476,489.31302429832255,575.3177039465704,469.1166875521067,6.883312447893275
1995-08-24 20:15:00,491,509.6687341385585,576.5468585333624,490.70155197913465,0.2984480208653508
1995-08-24 20:30:00,463,527.0037271332618,579.1719939551153,510.6616803955909,-47.661680395590906
1995-08-24 20:45:00,608,513.4511235696829,560.6125132880011,478.5495961648977,129.4504038351023
1995-08-24 21:00:00,387,489.8943681438262,628.5099704108038,522.8902978618438,-135.8902978618438
1995-08-24 21:15:00,428,494.82873880271865,558.4832942328253,457.7979923427577,-29.79799234275771
1995-08-24 21:30:00,573,522.4984731453003,555.570433362464,482.55486581497803,90.44513418502197
1995-08-24 21:45:00,539,538.4353412405475,605.5312945685187,548.4525951162799,-9.452595116279895
1995-08-24 22:00:00,389,532.1672753267311,599.2248592219153,535.8780938558601,-146.87809385586013
1995-08-24 22:15:00,609,520.6530099345782,525.594660504798,450.73362974658994,158.26637025341006
1995-08-24 22:30:00,565,510.59287128077835,617.6623008093634,532.7411313973555,32.2588686026445
1995-08-24 22:45:00,479,500.2873423782235,629.0023143133917,533.7756159988289,-54.775615998828926
1995-08-24 23:00:00,400,496.37520030569357,595.3886541864672,496.2498137993745,-96.24981379937452
1995-08-24 23:15:00,390,500.8239539234842,554.2807986578741,459.5907118885721,-69.59071188857212
1995-08-24 23:30:00,412,493.96533289508926,541.2692591986456,439.72055140094864,-27.720551400948636
1995-08-24 23:45:00,315,466.48948351233776,535.7285640082159,406.70400682776744,-91.70400682776744
1995-08-25 00:00:00,367,448.88518128656597,494.0978877386847,347.4690283324644,19.530971667535596
1995-08-25 00:15:00,358,442.06410956547035,512.3010814032355,358.85115027591957,-0.851150275919565
1995-08-25 00:30:00,438,435.397103447338,516.8337123236456,356.7167750781974,81.28322492180263
1995-08-25 00:45:00,338,408.5953327197247,561.2399318060675,374.32122383300594,-36.321223833005945
1995-08-25 01:00:00,332,378.0723234136263,540.7618129095831,323.32009563042317,8.679904369576832
1995-08-25 01:15:00,281,370.1606534068024,553.2831752142706,327.92978792828677,-46.92978792828677
1995-08-25 01:30:00,287,375.8667769278104,536.8380381903448,317.190774425369,-30.190774425369
1995-08-25 01:45:00,411,370.8382746791972,532.7177531561651,308.0419871425761,102.95801285742391
1995-08-25 02:00:00,363,352.7131094328592,586.0077683768072,343.2068371168802,19.793162883119805
1995-08-25 02:15:00,233,334.5504389161012,590.7765099844733,329.8129082077882,-96.81290820778821
1995-08-25 02:30:00,286,315.83300432433794,544.0015017828741,264.3204654144258,21.679534585574174
1995-08-25 02:45:00,296,293.48256924681533,566.748764737586,264.71729329161514,31.282706708384865
1995-08-25 03:00:00,255,277.87107457587405,588.3064658484259,270.6634997315137,-15.663499731513696
1995-08-25 03:15:00,232,278.93676929269077,577.4947535834112,260.91748218331577,-28.91748218331577
1995-08-25 03:30:00,294,285.15531839627084,563.1613948187628,252.8026725222474,41.197327477752594
1995-08-25 03:45:00,178,281.0773136379611,589.7563206991949,275.3195936443698,-97.31959364436977
1995-08-25 04:00:00,215,266.74948757399574,545.9060351691046,217.1414820503141,-2.141482050314096
1995-08-25 04:15:00,201,252.48578227560515,553.5473620734015,210.51910365622038,-9.51910365622038
1995-08-25 04:30:00,215,242.65291170012333,553.479010327796,200.6178813351331,14.382118664866908
1995-08-25 04:45:00,219,239.54093269954694,564.4140746435919,208.4409666503526,10.559033349647393
1995-08-25 05:00:00,366,243.2518687760692,567.4681727728644,215.2060008561473,150.7939991438527
1995-08-25 05:15:00,260,247.8488659939577,641.0559184393683,293.39074374053973,-33.39074374053973
1995-08-25 05:30:00,346,245.70040897383026,614.9699103674689,265.15627864851285,80.84372135148715
1995-08-25 05:45:00,188,242.79065179045782,652.7449824652472,300.0215935629187,-112.02159356291872
1995-08-25 06:00:00,199,249.29557671116072,598.3326566061774,252.11419262455183,-53.11419262455183
1995-08-25 06:15:00,303,263.3996162510337,586.4654576620856,254.35103322033302,48.64896677966698
1995-08-25 06:30:00,263,276.04392781010654,611.6036403021612,292.13352741948154,-29.13352741948154
1995-08-25 06:45:00,289,293.3554741312042,596.1503652176657,293.99179865608363,-4.991798656083631
1995-08-25 07:00:00,389,328.31589100170606,589.3360307059088,322.1378810148286,66.86211898517138
1995-08-25 07:15:00,544,378.50138587837944,622.392023786048,405.37936897164116,138.62063102835884
1995-08-25 07:30:00,545,427.0770996549113,683.1448771796026,514.7079361417277,30.292063858272286
1995-08-25 07:45:00,600,470.950790753595,679.611765607337,555.0485156681458,44.9514843318542
1995-08-25 08:00:00,788,521.3528940572373,690.8696696600714,616.7085230245225,171.2914769754775
1995-08-25 08:15:00,648,579.6181682113769,761.4706141791144,745.574741697705,-97.57474169770501
1995-08-25 08:30:00,660,626.4249869991658,697.0063121161261,727.9172584225056,-67.9172584225056
1995-08-25 08:45:00,882,649.543617512742,664.3196818671026,718.3492586870584,163.6507413129416
1995-08-25 09:00:00,616,662.4342337447263,741.6774775824347,808.5976706343747,-192.5976706343747
1995-08-25 09:15:00,731,688.0684194368567,640.2904574713507,732.8448362154212,-1.8448362154211964
1995-08-25 09:30:00,959,724.2086478032421,641.0751101813116,769.7697172917675,189.2302827082325
1995-08-25 09:45:00,964,745.2783704601311,729.4169337591925,879.1812635265374,84.81873647346265
1995-08-25 10:00:00,836,736.9756696604328,750.087237103919,891.5488660715656,-55.54886607156561
1995-08-25 10:15:00,869,721.7354242003096,694.559519513587,820.7809030211104,48.21909697888964
1995-08-25 10:30:00,905,730.6304779486186,715.5782801947394,850.6947174505717,54.305282549428284
1995-08-25 10:45:00,833,763.5250810989228,735.0843531927862,903.0953935989228,-70.09539359892278
1995-08-25 11:00:00,861,791.0150412522204,687.9583766302862,883.4593771897204,-22.459377189720385
1995-08-25 11:15:00,763,800.1094311135662,671.3096110663214,875.9050014871013,-112.90500148710134
1995-08-25 11:30:00,1065,808.2040578522428,621.305462583045,833.9954797425016,231.00452025749837
1995-08-25 11:45:00,1063,831.2465348969805,733.1530177435675,968.8855119477618,94.11448805223824
1995-08-25 12:00:00,1072,856.6662856650365,750.3056056341925,1011.4578506064428,60.542149393557224
1995-08-25 12:15:00,1119,867.4508725410782,752.9392573675909,1024.876089215883,94.12391078411702
1995-08-25 12:30:00,867,867.1411858718159,775.5319392523566,1047.1590844313862,-180.1590844313862
1995-08-25 12:45:00,1033,869.4190916063436,684.9852092108526,958.89026012441,74.10973987558998
1995-08-25 13:00:00,860,872.3011127294511,724.207842572669,1000.9949146093339,-140.99491460933393
1995-08-25 13:15:00,1066,866.8385206039662,651.1626155218878,922.4870954330678,143.5129045669322
1995-08-25 13:30:00,1134,855.9262918231746,719.811457379798,980.2237085101863,153.77629148981373
1995-08-25 13:45:00,973,852.9870240077979,766.8856532416144,1024.3586365566262,-51.35863655662615
1995-08-25 14:00:00,838,860.2828198774237,719.1101176581183,983.8788968427557,-145.8788968427557
1995-08-25 14:15:00,1051,867.6058256270557,645.5510051092901,917.6427900435596,133.35720995644044
1995-08-25 14:30:00,990,866.3798188641763,721.5864589056769,992.4522370770669,-2.4522370770669113
1995-08-25 14:45:00,992,862.195214562602,706.9177272162237,973.5989010860395,18.40109891396048
1995-08-25 15:00:00,922,865.5054373072074,697.005076154212,966.9964727686332,-44.996472768633225
1995-08-25 15:15:00,1017,879.6036575779187,664.9969355902472,949.0865524753797,67.91344752462032
1995-08-25 15:30:00,1103,895.2659089052548,699.0921809515753,998.8440491640439,104.1559508359561
1995-08-25 15:45:00,940,902.4484860332121,732.7375514349737,1039.6719967753997,-99.67199677539975
1995-08-25 16:00:00,791,896.2636551900407,669.906817182044,970.6564316792985,-179.65643167929852
1995-08-25 16:15:00,929,874.6588613427691,592.095194085578,871.2400147355609,57.75998526443914
1995-08-25 16:30:00,938,833.652049989672,636.691599591712,874.8296088885978,63.17039111140218
1995-08-25 16:45:00,728,779.9015743711119,662.8997828802862,847.2873165586119,-119.2873165586119
1995-08-25 17:00:00,854,732.8230099508055,591.2274958929816,728.5364651510008,125.46353484899919
1995-08-25 17:15:00,691,705.6048964039613,652.9071070990362,762.9979628102113,-71.99796281021133
1995-08-25 17:30:00,702,685.9341714734227,617.529022916297,707.9491536969334,-5.949153696933422
1995-08-25 17:45:00,555,656.5414425291574,618.1911265692511,679.2185284056222,-124.21852840562224
1995-08-25 18:00:00,513,619.596344861493,559.6559817633429,583.7382859320496,-70.73828593204962
1995-08-25 18:15:00,459,589.272964736924,543.2460353216925,537.0049593658302,-78.00495936583025
1995-08-25 18:30:00,547,566.3886397974708,511.4520213446417,482.32662044932624,64.67337955067376
1995-08-25 18:45:00,635,546.3583759177452,552.1608569464483,503.0051921714073,131.99480782859268
1995-08-25 19:00:00,537,532.7475039523905,611.17511247013,548.4085757297343,-11.408575729734252
1995-08-25 19:15:00,442,526.7417776986824,595.5741257249215,526.8018627308177,-84.80186273081767
1995-08-25 19:30:00,449,514.167347352864,558.6746432623663,477.3279499224441,-28.327949922444077
1995-08-25 19:45:00,411,492.86147458089937,561.299006207923,458.6464400960361,-47.64644009603609
1995-08-25 20:00:00,328,486.1623954949354,548.707842572669,439.35619737481824,-111.35619737481824
1995-08-25 20:15:00,489,506.5058011335967,498.8369319281378,409.8286923689483,79.17130763105172
1995-08-25 20:30:00,508,523.8303180775122,546.8889491400519,475.2052265247778,32.7947734752222
1995-08-25 20:45:00,486,510.2859333571813,562.8928668341437,477.66475949853873,8.335240501461271
1995-08-25 21:00:00,496,486.7434520357386,564.9079215369024,456.1373328798548,39.862667120145204
1995-08-25 21:15:00,570,491.6748522151466,584.8281438193121,480.98895534167247,89.01104465832753
1995-08-25 21:30:00,598,519.3278549799741,629.4612376532355,553.2750519404233,44.72494805957672
1995-08-25 21:45:00,462,535.2550928924184,642.6283633551398,582.3694155547719,-120.36941555477188
1995-08-25 22:00:00,379,528.9908368605631,583.6009204230108,517.0777165907878,-138.07771659078776
1995-08-25 22:15:00,392,517.483556834166,534.3434130987921,456.3129292401719,-64.31292924017191
1995-08-25 22:30:00,508,507.42952346815014,522.834894879798,434.75037765516186,73.24962234483814
1995-08-25 22:45:00,441,497.13024846418733,565.9260356268683,467.54224339826936,-26.542243398269363
1995-08-25 23:00:00,535,493.22049048583966,543.7502963385382,441.4567461315916,93.54325386840839
1995-08-25 23:15:00,563,497.6665673965457,589.7956883749762,491.94821507873564,71.05178492126436
1995-08-25 23:30:00,461,490.81211400257837,621.1172969183722,516.4153702281643,-55.415370228164306
1995-08-25 23:45:00,357,463.3529120349465,593.8368637404242,461.6757350825844,-104.67573508258442
1995-08-26 00:00:00,406,302.983958366568,551.0315692267218,258.50148690050355,147.49851309949645
1995-08-26 00:15:00,388,296.1679326119182,634.4029223761358,335.0568142952678,52.94318570473217
1995-08-26 00:30:00,198,289.50587925871065,649.7961299261847,343.7879684921091,-145.7879684921091
1995-08-26 00:45:00,356,262.72124934294277,571.8280398688116,239.03524851896816,116.96475148103184
1995-08-26 01:00:00,350,232.21763360822186,637.663508161048,274.36710107648355,75.63289892351645
1995-08-26 01:15:00,387,224.31167011612132,672.2536647162237,301.0512941395588,85.94870586044118
1995-08-26 01:30:00,319,230.0152569172483,698.0003917059698,332.5016079304319,-13.501607930431874
1995-08-26 01:45:00,174,224.99071596438182,673.18829606388,302.66497133547557,-128.66497133547557
1995-08-26 02:00:00,142,206.87743998977496,618.9240729651251,230.28747226211382,-88.28747226211382
1995-08-26 02:15:00,227,188.72668158485786,590.7395489058295,183.95218979790107,43.04781020209893
1995-08-26 02:30:00,192,170.02149506966887,618.9817588171759,193.48921319405852,-1.4892131940585216
1995-08-26 02:45:00,209,147.6855074554515,610.0380475363531,162.2095142990184,46.790485700981606
1995-08-26 03:00:00,202,132.0843809622917,623.7653453192511,160.33568558875655,41.66431441124345
1995-08-26 03:15:00,185,133.1503482841551,638.5726611456671,176.20896873703595,8.791031262964054
1995-08-26 03:30:00,283,139.36605063902914,640.4527118048468,184.3047217510897,98.69527824891031
1995-08-26 03:45:00,193,135.29143227766806,681.3357035956183,221.1130951805001,-28.113095180500096
1995-08-26 04:00:00,196,120.97319757843348,658.3564898810187,183.8156467666659,12.184353233334093
1995-08-26 04:15:00,89,106.7190449451424,660.6696574530401,171.8746617053963,-82.8746617053963
1995-08-26 04:30:00,175,96.89304480787142,620.6114375433722,121.99044165845736,53.00955834154264
1995-08-26 04:45:00,129,93.7838676114422,650.6809298834601,148.95075680211602,-19.950756802116018
1995-08-26 05:00:00,167,97.49347501991356,632.9514033636847,134.93083769081198,32.069162309188016
1995-08-26 05:15:00,79,102.08860712995373,644.6760852179327,151.25065165510023,-72.25065165510023
1995-08-26 05:30:00,104,99.9423686199274,605.6732966742316,110.1016246013727,-6.101624601372706
1995-08-26 05:45:00,73,97.03529085338393,610.1266228995123,111.64787306011,-38.64787306011
1995-08-26 06:00:00,98,103.5371955538525,592.6057369551459,100.62889181621212,-2.6288918162121178
1995-08-26 06:15:00,161,117.63361428000248,594.3530466398993,116.47262022711551,44.52737977288449
1995-08-26 06:30:00,126,130.2711886501393,612.2573573431769,147.01450530052992,-21.01450530052992
1995-08-26 06:45:00,94,147.57317208250453,599.7103717169562,151.76950310667445,-57.76950310667445
1995-08-26 07:00:00,88,182.51334101597482,574.3864466986456,161.3857470218342,-73.38574702183419
1995-08-26 07:15:00,106,232.66937010426238,548.9056842169562,186.0610136284323,-80.0610136284323
1995-08-26 07:30:00,219,281.21659232420114,522.4770228705206,208.17957450193552,10.82042549806448
1995-08-26 07:45:00,189,325.0646382278466,535.5324847540655,265.0830822891259,-76.08308228912591
1995-08-26 08:00:00,303,375.43714349196284,500.728953107337,280.6520559065136,22.347944093486376
1995-08-26 08:15:00,253,433.66805857708925,520.0732447943487,358.22726267865175,-105.22726267865175
1995-08-26 08:30:00,278,480.44745525004123,474.36870835636046,359.30212291361545,-81.30212291361545
1995-08-26 08:45:00,241,503.55300514530154,451.4769160589972,359.5158805115125,-118.51588051151248
1995-08-26 09:00:00,302,516.4367331074601,406.19937394473936,327.1220663594132,-25.122066359413225
1995-08-26 09:15:00,302,542.0563148254355,414.1181361517706,360.66041028441987,-58.66041028441987
1995-08-26 09:30:00,266,578.1755780866044,390.84211991641905,373.50365731023726,-107.50365731023726
1995-08-26 09:45:00,349,599.2334599296878,345.6573970160284,349.37681625293,-0.37681625292998433
1995-08-26 10:00:00,237,590.936702050909,365.7236049017706,361.1462662598934,-124.14626625989342
1995-08-26 10:15:00,219,575.7066000251053,311.7894923529425,291.9820516852616,-72.98205168526158
1995-08-26 10:30:00,291,584.5971841235175,291.3927638373175,280.4759072680488,10.524092731951214
1995-08-26 10:45:00,364,617.4727864563339,317.65555070255186,339.6142964660995,24.385703533900482
1995-08-26 11:00:00,276,644.9470179355601,345.83767960880186,395.2706568515757,-119.27065685157572
1995-08-26 11:15:00,353,654.0368170858013,280.25036881778624,338.7731452108013,14.226854789198683
1995-08-26 11:30:00,222,662.1274583855047,313.968325360755,380.5817430534735,-158.58174305347347
1995-08-26 11:45:00,321,685.1568991720601,239.48645280216124,329.1293112814351,-8.129311281435093
1995-08-26 12:00:00,290,710.5621740817808,264.21194718692686,379.2600805759214,-89.26008057592139
1995-08-26 12:15:00,427,721.3411464485972,221.5343653998175,347.36147115562846,79.63852884437154
1995-08-26 12:30:00,291,721.0325627771745,295.6838099798956,421.20233206428384,-130.20233206428384
1995-08-26 12:45:00,276,723.3100047127681,216.04373429630186,343.8396983162837,-67.83969831628372
1995-08-26 13:00:00,442,726.1911962234587,199.4161097845831,330.0932653152556,111.90673468474438
1995-08-26 13:15:00,407,720.7328272257271,299.6569239935675,424.8757105265083,-17.87571052650833
1995-08-26 13:30:00,338,709.828121458059,296.00833390567686,410.32241467094957,-72.32241467094957
1995-08-26 13:45:00,383,706.8915489511364,256.20825455997374,367.58576281832393,15.414237181676071
1995-08-26 14:00:00,392,714.183842585749,288.882387860755,407.5521897537177,-15.552189753717698
1995-08-26 14:15:00,512,721.5033295632835,299.369204267005,425.35849313750225,86.64150686249775
1995-08-26 14:30:00,433,720.2789806670908,366.3170039496222,491.0819439239267,-58.0819439239267
1995-08-26 14:45:00,459,716.0978257761919,335.20056413028624,455.78434921369194,3.2156507863080606
1995-08-26 15:00:00,440,719.4069595513927,354.79907487247374,478.6919937310802,-38.691993731080174
1995-08-26 15:15:00,522,733.4975582386453,348.87610123966124,486.8596187855203,35.1403812144797
1995-08-26 15:30:00,474,749.1512407846047,387.90706132266905,541.5442614144876,-67.54426141448755
1995-08-26 15:45:00,551,756.3303838768885,357.1901576361456,518.0065008202479,32.99349917975212
1995-08-26 16:00:00,377,750.1502136322357,393.3815181097784,548.0176910492279,-171.0176910492279
1995-08-26 16:15:00,396,728.5594181098219,310.6354701361456,443.68084755318125,-47.68084755318125
1995-08-26 16:30:00,475,687.5783543648497,314.4862696966925,406.55058336875595,68.44941663124405
1995-08-26 16:45:00,502,633.8613437900897,374.90149186466124,413.2487949619647,88.75120503803532
1995-08-26 17:00:00,474,586.8122045191654,434.1284358343878,425.426599660767,48.57340033923299
1995-08-26 17:15:00,348,559.6114895252,458.8437373480597,422.94118618047344,-74.94118618047344
1995-08-26 17:30:00,404,539.953592833982,424.7665889105597,369.2061410517555,34.79385894824452
1995-08-26 17:45:00,434,510.5795797360766,464.1930415472784,379.2585805905688,54.74141940943122
1995-08-26 18:00:00,384,473.6577717362102,503.24102280948546,381.3847538529094,2.615246147090602
1995-08-26 18:15:00,400,443.35367152850824,506.4172541937628,354.2568850294848,45.743114970515194
1995-08-26 18:30:00,499,420.4841217021047,531.7934748968878,356.76355590620625,142.23644409379375
1995-08-26 18:45:00,503,400.4669047028828,605.3411681494513,410.29403215954784,92.70596784045216
1995-08-26 19:00:00,467,386.8651921870426,641.9677264532843,433.31887794754067,33.68112205245933
1995-08-26 19:15:00,346,380.8640197829586,647.5831897101202,432.9331688002926,-86.9331688002926
1995-08-26 19:30:00,597,368.29812138965946,606.9253842673102,379.7094649641834,217.29053503581662
1995-08-26 19:45:00,428,347.0060685259001,716.5140635809698,468.0060914140837,-40.0060914140837
1995-08-26 20:00:00,348,340.311963416617,679.7064311346808,424.50435385851154,-76.50435385851154
1995-08-26 20:15:00,325,360.64396563755673,638.7308833441534,403.8608082889239,-78.86080828892392
1995-08-26 20:30:00,333,377.95890732214957,606.8640124640265,389.3088790933898,-56.308879093389805
1995-08-26 20:45:00,483,364.4236422361303,595.2469939729967,364.1565955163408,118.84340448365919
1995-08-26 21:00:00,440,340.89633580267997,647.7708766302862,393.15317174017997,46.84682825982003
1995-08-26 21:15:00,388,345.82566629355136,655.2085978827276,405.52022348349277,-17.52022348349277
1995-08-26 21:30:00,402,373.46283826118975,636.8896319708624,414.8384295392659,-12.838429539265917
1995-08-26 21:45:00,383,389.3813467834552,631.6192996344366,425.48660572510556,-42.48660572510556
1995-08-26 22:00:00,547,383.12180142062124,618.1637179693976,405.77147869723257,141.22852130276743
1995-08-26 22:15:00,467,371.62240754870237,682.8855693182745,458.99393617419065,8.006063825809349
1995-08-26 22:30:00,481,361.5753802600085,669.8791606268683,435.94050019409053,45.05949980590947
1995-08-26 22:45:00,472,351.2832599410822,681.3298137030401,437.0990329513361,34.900967048663915
1995-08-26 23:00:00,476,347.37678684796106,688.6718165716925,440.5345627268673,35.46543727313269
1995-08-26 23:15:00,602,351.8210878372633,699.925127728919,456.2321748733961,145.7678251266039
1995-08-26 23:30:00,528,344.9717028603176,752.9431178412237,502.4007800087551,25.599219991244922
1995-08-26 23:45:00,349,317.53004909919497,741.5882747015753,463.60428310798403,-114.60428310798403
1995-08-27 00:00:00,542,299.94799221937996,677.0684077582159,381.50235928480964,160.49764071519036
1995-08-27 00:15:00,633,293.13611164896525,752.9653498968878,450.5874208530668,182.41257914693318
1995-08-27 00:30:00,550,286.4781102696247,820.499590619544,511.46366019638253,38.536339803617466
1995-08-27 00:45:00,381,259.7097203746786,797.4650752386847,461.66075492057706,-80.66075492057706
1995-08-27 01:00:00,374,229.22459742679612,733.9716670355597,367.68222376956953,6.317776230430468
1995-08-27 01:15:00,377,221.32343966137358,739.2424342474737,365.0518332160611,11.948166783938916
1995-08-27 01:30:00,263,227.0235889538631,737.7348506293097,369.24439889038655,-106.24439889038655
1995-08-27 01:45:00,291,222.00210850822614,675.2069346747198,301.6950024901597,-10.695002490159709
1995-08-27 02:00:00,374,203.8998210149106,665.9756800970831,274.36146041920745,99.63853958079255
1995-08-27 02:15:00,238,185.76007393907037,707.8135096869269,298.059542933211,-60.05954293321099
1995-08-27 02:30:00,161,167.0662347111432,665.5699336371222,237.12212765547915,-76.12212765547915
1995-08-27 02:45:00,329,144.74379377028598,626.2149531683722,175.4447062458719,153.5552937541281
1995-08-27 03:00:00,223,129.15213467033507,701.7000224432745,235.33811642082335,-12.338116420823354
1995-08-27 03:15:00,151,130.21747381176837,682.70196793888,217.40540105786212,-66.40540105786212
1995-08-27 03:30:00,135,136.42942862752315,641.3536975226202,182.26908545735714,-47.269085457357136
1995-08-27 03:45:00,139,132.35729587412595,622.6513564429083,159.49461162424802,-20.494611624248023
1995-08-27 04:00:00,100,118.04775175836498,621.8778540930548,144.41156515863355,-44.41156515863355
1995-08-27 04:15:00,125,103.8022509964699,597.9631123385229,106.25132264220659,18.74867735779341
1995-08-27 04:30:00,177,93.98222050914212,605.6057107291022,104.07389054545804,72.92610945454196
1995-08-27 04:45:00,166,90.87494433207435,636.5869738898077,131.94787752909582,34.05212247090418
1995-08-27 05:00:00,205,94.58232228376708,644.6036021551886,143.67188374616944,61.32811625383056
1995-08-27 05:15:00,183,99.17468849884676,665.6854426703253,169.34609047638583,13.653909523614175
1995-08-27 05:30:00,175,97.02976771123679,665.0258509955206,166.54157801397116,8.458421986028839
1995-08-27 05:45:00,113,94.12446857507648,664.9875285467901,163.5979564290804,-50.5979564290804
1995-08-27 06:00:00,215,100.6224522655141,638.0797068915167,143.18811846424455,71.81188153575545
1995-08-27 06:15:00,148,114.71034938786954,671.5978724798956,190.79418117497892,-42.79418117497892
1995-08-27 06:30:00,198,127.3402857816986,642.6278903326788,174.45413542159116,23.54586457840884
1995-08-27 06:45:00,214,144.63180553709125,650.919684155921,200.03744900022602,13.962550999773981
1995-08-27 07:00:00,266,179.5508257412727,651.5237681708136,235.56055321930003,30.439446780699967
1995-08-27 07:15:00,272,229.67648826911682,662.519236310462,296.6816838867926,-24.681683886792598
1995-08-27 07:30:00,180,278.19431813338923,642.5935084662237,325.27378590682673,-145.27378590682673
1995-08-27 07:45:00,162,322.0158180523366,579.1512744269171,305.6530517864675,-143.65305178646747
1995-08-27 08:00:00,171,372.35782448729816,527.2085063299933,304.0522901245052,-133.0522901245052
1995-08-27 08:15:00,192,430.5534797145439,480.956118329505,315.9955573512627,-123.99555735126268
1995-08-27 08:30:00,254,477.3045534880868,433.27563737247374,315.0661501677743,-61.06615016777431
1995-08-27 08:45:00,272,500.39612197899464,412.71724198673155,317.59932327293996,-45.599323272939955
1995-08-27 09:00:00,306,513.2720608843971,399.64456437442686,317.4025845660377,-11.402584566037717
1995-08-27 09:15:00,283,538.8761378362917,405.0028712591925,348.36496840269797,-65.36496840269797
1995-08-27 09:30:00,203,574.9735352051545,380.2410609564581,359.70055546882634,-156.70055546882634
1995-08-27 09:45:00,255,596.0186754471207,313.571840985755,314.07647574008945,-59.07647574008945
1995-08-27 10:00:00,189,587.7269597041129,308.99380753848936,301.20672654981604,-112.20672654981604
1995-08-27 10:15:00,227,572.5061003242475,264.61172746036436,241.60378709182567,-14.603787091825666
1995-08-27 10:30:00,313,581.3913139855437,275.48565934513,261.3629326378874,51.63706736211259
1995-08-27 10:45:00,384,614.2470147144741,320.44653580997374,339.17950983166156,44.82049016833844
1995-08-27 11:00:00,361,641.7046167276876,355.9601771673956,402.150753202297,-41.15075320229698
1995-08-27 11:15:00,266,650.788924382408,336.8968226752081,392.1717063648299,-126.1717063648299
1995-08-27 11:30:00,276,658.8746794554431,283.92187760684874,347.28251636950563,-71.28251636950563
1995-08-27 11:45:00,245,681.8901831940087,274.43335221622374,360.8094947174462,-115.80949471744623
1995-08-27 12:00:00,439,707.2800814578919,229.5248744330206,341.2909151981263,97.7090848018737
1995-08-27 12:15:00,428,718.0525385275108,314.7421595892706,437.2806574239952,-9.280657423995194
1995-08-27 12:30:00,380,717.7441570672116,311.8829982123175,434.1131145867429,-54.11311458674288
1995-08-27 12:45:00,335,720.0202344165555,287.02298234317686,411.5291760669461,-76.52917606694609
1995-08-27 13:00:00,400,722.8996955265409,260.43078873966124,387.8164435734159,12.183556426584119
1995-08-27 13:15:00,386,717.4446488707359,297.44693253848936,419.37754071643906,-33.37754071643906
1995-08-27 13:30:00,349,706.5465653280188,290.16128800723936,401.1938126424719,-52.193812642471926
1995-08-27 13:45:00,446,703.6117873439415,270.31445573184874,378.412202383004,67.587797616996
1995-08-27 14:00:00,472,710.8996779499349,330.79312394473936,446.17876120188805,25.82123879811195
1995-08-27 14:15:00,273,718.2147453701831,356.5180079779425,479.21871265533935,-206.21871265533935
1995-08-27 14:30:00,280,716.9911535527071,245.68493913028624,367.16205199020715,-87.16205199020715
1995-08-27 14:45:00,367,712.8125472849856,229.45245622013,346.75096281232936,20.249037187670638
1995-08-27 15:00:00,363,716.1196913077681,275.0491664252081,395.65481704019,-32.65481704018998
1995-08-27 15:15:00,355,730.2017676247353,265.38916276309874,400.07688969504784,-45.07688969504784
1995-08-27 15:30:00,415,745.8459805936959,241.55130265567686,391.88324255658654,23.116757443413462
1995-08-27 15:45:00,336,753.0207888660352,275.24051164005186,432.74725981330084,-96.74725981330084
1995-08-27 16:00:00,370,746.8443784294145,231.05499528263,382.38533301925827,-12.385333019258269
1995-08-27 16:15:00,521,725.2666804453193,246.06289933536436,375.8155390878974,145.18446091210262
1995-08-27 16:30:00,323,684.3104635148993,359.9308955511847,448.72731837329775,-125.72731837329775
1995-08-27 16:45:00,466,630.6260171976859,282.81958268497374,317.9315591898734,148.06844081012662
1995-08-27 17:00:00,430,583.6054022926777,397.2244593939581,385.31582099384957,44.68417900615043
1995-08-27 17:15:00,324,556.4211850631499,430.54060624454405,391.4477506149077,-67.4477506149077
1995-08-27 17:30:00,437,536.7752158204447,400.61665604923155,341.87783117689,95.12216882310997
1995-08-27 17:45:00,389,507.41901778125026,466.98982499454405,378.8948020830081,10.105197916991926
1995-08-27 18:00:00,380,470.5195986639952,480.966860517005,355.972418488214,24.027581511786025
1995-08-27 18:15:00,348,440.2338775814951,498.57195542667296,343.2917923153818,4.7082076846181735
1995-08-27 18:30:00,325,417.37820208349973,505.4235484442511,327.2877098349646,-2.2877098349645735
1995-08-27 18:45:00,524,397.3731311746002,514.5488078436651,316.4078983254791,207.5921016745209
1995-08-27 19:00:00,494,383.7796773230633,621.8058764776983,410.0715131079754,83.92848689202458
1995-08-27 19:15:00,371,377.7821579818346,649.8066317877569,432.0747490768053,-61.07474907680529
1995-08-27 19:30:00,448,365.22389075185475,611.4532019934454,381.16305205251393,66.83694794748607
1995-08-27 19:45:00,354,343.9447570088079,648.1539599737921,396.5846762898138,-42.584676289813785
1995-08-27 20:00:00,560,337.2547250900301,630.9089686713019,372.6496530685457,187.35034693145428
1995-08-27 20:15:00,550,357.57442310858454,715.0653483710089,477.1257307868072,72.8742692131928
1995-08-27 20:30:00,562,374.8788887412826,725.0893122992316,504.4541603477279,57.54583965227209
1995-08-27 20:45:00,611,361.35184250052697,734.5179774603644,500.3557792681051,110.6442207318949
1995-08-27 21:00:00,428,337.83881016958264,767.9120967230597,510.2368661998561,-82.23686619985608
1995-08-27 21:15:00,539,342.765170182837,715.8762538275519,463.1273833176026,75.87261668239739
1995-08-27 21:30:00,620,370.38561057063447,744.3052851996222,519.1768550774705,100.82314492252954
1995-08-27 21:45:00,510,386.294488911836,774.3269526800909,565.1074008991407,-55.10740089914066
1995-08-27 22:00:00,456,380.03875343164384,726.9193751654425,511.4440879043001,-55.44408790430009
1995-08-27 22:15:00,527,368.5463449228796,690.4860713324347,463.51837556252804,63.481624437471964
1995-08-27 22:30:00,478,358.50542292367857,720.107012494544,483.0983947254364,-5.098394725436378
1995-08-27 22:45:00,472,348.2195565039398,705.6276500067511,458.33316581790467,13.666834182095329
1995-08-27 23:00:00,431,344.3154675053783,697.0181834540167,445.8196102666088,-14.819610266608777
1995-08-27 23:15:00,411,348.7570917827554,680.6303279242316,433.87337901420074,-22.873379014200736
1995-08-27 23:30:00,434,341.91187444417653,667.7900035223761,414.1878372737664,19.812162726233623
1995-08-27 23:45:00,398,314.48686809294185,671.8970973334112,390.86992473356685,7.130075266433153
1995-08-28 00:00:00,404,459.47294660147725,668.0598246893683,532.0187305980593,-128.01873059805928
1995-08-28 00:15:00,286,452.6641843709954,604.9689242682257,462.1190679464348,-176.11906794643482
1995-08-28 00:30:00,396,446.00920812518325,535.3202311835089,385.8153986159059,10.184601384094094
1995-08-28 00:45:00,285,419.2560314155721,558.5841166815558,382.32610740434166,-97.32610740434166
1995-08-28 01:00:00,332,388.7883744137864,514.3851725897589,307.65950631075907,24.34049368924093
1995-08-28 01:15:00,218,380.89099553553046,529.2615992865362,314.63855412928046,-96.63855412928046
1995-08-28 01:30:00,239,386.5866804798653,484.06424210880186,275.13688189588095,-36.13688189588095
1995-08-28 01:45:00,316,381.5672337049399,483.5143916449347,269.56758465708833,46.43241534291167
1995-08-28 02:00:00,252,363.474907854268,515.3348338446417,283.29570100612347,-31.295701006123466
1995-08-28 02:15:00,337,345.3451452616095,504.20198319766905,254.03308776649232,82.96691223350768
1995-08-28 02:30:00,343,326.66162648609554,548.6299044928351,279.77749028614437,63.22250971385563
1995-08-28 02:45:00,161,304.35170537979394,579.416832669715,288.25449735672265,-127.25449735672265
1995-08-28 03:00:00,293,288.76848682918273,520.8231456122198,214.07759174861633,78.92240825138367
1995-08-28 03:15:00,248,289.8321709492665,572.1311747870245,266.4493050435048,-18.449305043504808
1995-08-28 03:30:00,277,296.0393513881667,567.3375041327276,267.8628148281081,9.137185171891872
1995-08-28 03:45:00,236,291.9686774034238,573.5518386206427,270.0064753312802,-34.00647533128023
1995-08-28 04:00:00,210,277.6667970292974,555.6316516241827,237.7844079606939,-27.784407960693898
1995-08-28 04:15:00,182,263.4289213000552,552.7580821356573,220.6729627429263,-38.6729627429263
1995-08-28 04:30:00,194,253.6138336248349,539.4066073736944,197.5064003057431,-3.5064003057431137
1995-08-28 04:45:00,178,250.50743162482863,544.8070819220343,199.80047285407667,-21.800472854076673
1995-08-28 05:00:00,183,254.21155328191426,537.2632434210577,195.96075601018575,-12.960756010185747
1995-08-28 05:15:00,255,258.80012675877475,535.9953601202765,199.281446186265,55.718553813735014
1995-08-28 05:30:00,198,256.6554968576047,567.3976981482306,228.53915431304904,-30.53915431304904
1995-08-28 05:45:00,236,253.7509495081041,553.1715113959112,211.4084202112291,24.5915797887709
1995-08-28 06:00:00,269,260.2439853498795,569.1210162482062,233.85096090529942,35.14903909470058
1995-08-28 06:15:00,274,274.3223340324137,587.8162581763067,266.62455151593423,7.375448484065771
1995-08-28 06:30:00,277,286.9436056078466,591.8229849180975,283.2525498331579,-6.2525498331579
1995-08-28 06:45:00,427,304.2236348446189,587.823396428565,296.5329905803977,130.46700941960228
1995-08-28 07:00:00,419,339.12047948463294,650.9378535589972,394.5442923508439,24.455707649156125
1995-08-28 07:15:00,354,389.2147486029726,651.9379298529425,445.6386377631288,-91.63863776312883
1995-08-28 07:30:00,377,437.702159275312,604.9952876410284,447.1834062235542,-70.18340622355419
1995-08-28 07:45:00,526,481.49608637596504,581.872417195777,467.85446287895576,58.14553712104424
1995-08-28 08:00:00,489,531.8065671385725,619.9718386969366,556.2643651427229,-67.26436514272291
1995-08-28 08:15:00,511,589.9659356675625,582.5022256216803,576.9541205964565,-65.9541205964565
1995-08-28 08:30:00,484,636.6876597057048,552.1263110480108,593.2999300609295,-109.29993006092946
1995-08-28 08:45:00,679,659.7642199519219,510.77588151309874,575.0260607722344,103.97393922776564
1995-08-28 09:00:00,494,672.6313429564253,576.512758954505,653.6300612181441,-159.63006121814408
1995-08-28 09:15:00,747,698.2188883095373,495.34475968692686,598.0496073036779,148.95039269632207
1995-08-28 09:30:00,759,734.2933929435164,581.7569920859137,720.5363443366439,38.46365566335612
1995-08-28 09:45:00,926,755.3247647431994,596.0564783654013,755.8672024158144,170.1327975841856
1995-08-28 10:00:00,863,747.0370642957317,676.3727290472784,827.8957526502239,35.104247349776074
1995-08-28 10:15:00,600,731.8244207231668,672.81329606388,809.1236760942605,-209.12367609426053
1995-08-28 10:30:00,688,740.7032371092314,580.1563603720465,725.3455567884916,-37.34555678849165
1995-08-28 10:45:00,832,773.5380093939497,582.6142976126471,760.6382663138105,71.3617336861895
1995-08-28 11:00:00,747,800.9779551033968,627.2645728430548,832.7284872536653,-85.72848725366532
1995-08-28 11:15:00,902,810.0557444191597,576.8536898932257,791.3953936195992,110.60460638040081
1995-08-28 11:30:00,906,818.1355864288656,625.4134681067267,848.035013842806,57.96498615719395
1995-08-28 11:45:00,844,841.1361262789844,648.1819827399054,893.8040683261036,-49.80406832610356
1995-08-28 12:00:00,686,866.5096210564288,620.9967982611456,891.9923786247882,-205.99237862478822
1995-08-28 12:15:00,930,877.274535989919,530.6974131903448,812.4579084874775,117.54209151252246
1995-08-28 12:30:00,946,876.9653298987022,610.4657828650274,891.9170720709434,54.08292792905661
1995-08-28 12:45:00,1113,879.2390158238833,630.947386487464,914.672361618561,198.327638381439
1995-08-28 13:00:00,1161,882.1157196928639,713.0354258856573,999.637104885735,161.36289511426503
1995-08-28 13:15:00,1002,876.6629685375764,762.6914241156378,1043.840351960428,-41.84035196042805
1995-08-28 13:30:00,831,865.7704803782929,721.0109813055792,991.2674209910858,-160.26742099108583
1995-08-28 13:45:00,858,862.8364700777024,648.1566684088507,915.4790977937669,-57.47909779376687
1995-08-28 14:00:00,831,870.1189308194167,639.5702731451788,914.1751632718093,-83.17516327180931
1995-08-28 14:15:00,835,877.4285518410343,605.8034579596319,887.71796910788,-52.71796910787998
1995-08-28 14:30:00,918,876.204690263013,578.0484149298468,858.7390645000736,59.260935499926404
1995-08-28 14:45:00,981,872.0276057777434,603.2499744734564,879.7635395584135,101.23646044158647
1995-08-28 15:00:00,1188,875.3317332076964,646.5571086249151,926.3748011398253,261.6251988601747
1995-08-28 15:15:00,887,889.4042603099629,758.3930232367316,1052.2832428539082,-165.28324285390818
1995-08-28 15:30:00,1120,905.037976871645,655.2871997198858,964.8111358987446,155.18886410125538
1995-08-28 15:45:00,1256,912.2074234790653,735.1191584906378,1051.8125412769168,204.18745872308318
1995-08-28 16:00:00,980,906.0337460125264,818.9770381293097,1129.49674344905,-149.49674344904997
1995-08-28 16:15:00,1117,884.4681187232895,720.0060908636847,1008.960168894188,108.03983110581203
1995-08-28 16:30:00,941,843.535721778071,758.5646998724737,1006.5863809577585,-65.58638095775848
1995-08-28 16:45:00,794,789.8828128763723,719.4654872259894,913.8342594095755,-119.83425940957545
1995-08-28 17:00:00,960,742.8896954905589,664.1492640814581,811.5249188792308,148.47508112076923
1995-08-28 17:15:00,734,715.7209491892233,726.9724299750128,847.1793384714499,-113.17933847144991
1995-08-28 17:30:00,697,696.0858805575034,662.8525645575323,763.4244044222495,-66.4244044222495
1995-08-28 17:45:00,622,666.7464707368575,629.3952967963019,700.6277268403732,-78.62772684037316
1995-08-28 18:00:00,560,629.8684136607324,597.4957040390768,631.850077007023,-71.85007700702295
1995-08-28 18:15:00,590,599.600044867601,576.5687873205939,580.6547914954086,9.345208504591369
1995-08-28 18:30:00,550,576.7572168536007,579.106524213294,560.3497003741085,-10.349700374108465
1995-08-28 18:45:00,487,556.7632652002902,573.4689032873907,534.7181277948947,-47.71812779489471
1995-08-28 19:00:00,464,543.177043170436,551.6035296759405,499.26653215359033,-35.26653215359033
1995-08-28 19:15:00,450,537.1821500510684,541.885805829505,483.5539151877872,-33.5539151877872
1995-08-28 19:30:00,530,524.6304871479778,535.319212659339,464.4356591145305,65.5643408854695
1995-08-28 19:45:00,449,503.3632456856145,571.709608777503,479.5588137703313,-30.558813770331312
1995-08-28 20:00:00,433,496.67626011208563,554.0553500494757,455.2175694687751,-22.217569468775082
1995-08-28 20:15:00,511,516.9826270898777,547.8769175848761,469.34550398196757,41.65449601803243
1995-08-28 20:30:00,541,534.2755898330732,574.0731875738898,512.8347367141768,28.165263285823244
1995-08-28 20:45:00,529,520.7557355991958,589.5866153082648,514.8283102146743,14.171689785325725
1995-08-28 21:00:00,576,497.255950528622,592.7050793013373,494.44698913717303,81.55301086282697
1995-08-28 21:15:00,630,502.1783132235994,630.0101191839972,536.6743917148103,93.32560828518967
1995-08-28 21:30:00,566,529.7809951880812,667.7219340643683,601.9888885596632,-35.98888855966322
1995-08-28 21:45:00,466,545.6792165123047,641.0146663031378,591.1798421226563,-125.17984212265628
1995-08-28 22:00:00,528,539.4262640754444,586.7984673819342,530.7106907645923,-2.7106907645923
1995-08-28 22:15:00,539,527.9398140910463,599.4560825667181,531.8818559649782,7.118144035021828
1995-08-28 22:30:00,416,517.9039705430316,605.3467748007574,527.7367046510028,-111.73670465100281
1995-08-28 22:45:00,517,507.6233311824612,548.4496867499151,460.5589772395901,56.44102276040991
1995-08-28 23:00:00,607,503.7205994378297,581.1425187430182,489.34907748806165,117.65092251193835
1995-08-28 23:15:00,455,508.1585201678955,637.9368159613409,550.5812954364502,-95.5812954364502
1995-08-28 23:30:00,447,501.3164436194728,584.3953263602057,490.19772928689224,-43.19772928689224
1995-08-28 23:45:00,499,473.9070578465178,569.3300311407843,447.7230482945158,51.27695170548418
1995-08-29 00:00:00,348,456.34531869294403,604.59281609867,465.4240940988278,-117.42409409882782
1995-08-29 00:15:00,434,449.5407016412359,550.9560153326788,404.9826762811285,29.017323718871523
1995-08-29 00:30:00,429,442.8897773704492,568.6174075445929,415.99314422225586,13.006855777744136
1995-08-29 00:45:00,360,416.15284068812474,577.2253558478155,397.86415584315404,-37.86415584315404
1995-08-29 01:00:00,349,385.703676468921,561.7074611029425,351.89709687907725,-2.897096879077253
1995-08-29 01:15:00,473,377.81110331604657,561.7773158392706,344.07437846253094,128.92562153746906
1995-08-29 01:30:00,360,383.5033507538961,628.2018954596319,416.1912055207418,-56.19120552074179
1995-08-29 01:45:00,401,378.48696448296823,593.4171063742438,376.39003016442575,24.609969835574248
1995-08-29 02:00:00,271,360.4056271202446,606.7453381857672,371.6369246132256,-100.63692461322557
1995-08-29 02:15:00,244,342.28687585029024,563.8848159155646,310.65765107306856,-66.65765107306856
1995-08-29 02:30:00,212,323.6147043628244,546.7357051214972,274.83636879153534,-62.836368791535335
1995-08-29 02:45:00,172,301.31832993352936,522.4888179144659,228.29310715520904,-56.29310715520904
1995-08-29 03:00:00,272,285.7445787719967,505.08523820255186,195.31577628176234,76.68422371823766
1995-08-29 03:15:00,292,286.80763471093167,547.1317431769171,238.42533719506253,53.574662804937475
1995-08-29 03:30:00,323,293.01106761306846,571.3313109717169,268.8283378919991,54.171662108000874
1995-08-29 03:45:00,302,288.94287923502293,594.0304450831213,287.459283625358,14.540716374641988
1995-08-29 04:00:00,306,274.6496894418185,598.8364915690222,277.97214031805447,28.02785968194553
1995-08-29 04:15:00,261,260.4204655870894,615.186472638587,280.09289753289016,-19.092897532890163
1995-08-29 04:30:00,207,250.6113475617356,605.7997786841192,260.8970855530686,-53.89708555306862
1995-08-29 04:45:00,314,247.50684657994617,583.5934970221319,235.58630290929187,78.41369709070813
1995-08-29 05:00:00,376,251.20873878211972,623.8999335608282,279.5946316501617,96.40536834983828
1995-08-29 05:15:00,354,255.79454636223585,662.6664454779425,322.9469511473921,31.0530488526079
1995-08-29 05:30:00,322,253.65123418356427,663.4312388739386,321.5684323647166,0.43156763528338615
1995-08-29 05:45:00,272,250.74846546490352,655.7465426764288,310.9809674485461,-38.980967448546096
1995-08-29 06:00:00,385,257.2375802967861,639.4892222723761,301.21276187637596,83.78723812362404
1995-08-29 06:15:00,338,271.30740737521666,679.0964381537237,354.88980483615416,-16.889804836154156
1995-08-29 06:30:00,365,283.9210409754535,659.8290583929816,348.2360586756488,16.763941324351208
1995-08-29 06:45:00,305,301.1906065362114,661.0273692450323,366.7039350884575,-61.70393508845751
1995-08-29 07:00:00,431,336.06630244505857,628.3866031012335,368.93886485350583,62.061135146494166
1995-08-29 07:15:00,429,386.1302050012564,661.1523616156378,451.76852592410796,-22.768525924107962
1995-08-29 07:30:00,671,434.588223324968,641.7010791144171,480.77526174659886,190.22473825340114
1995-08-29 07:45:00,665,478.3556044354107,725.4076716742316,608.249235416856,56.75076458314402
1995-08-29 08:00:00,646,528.6355863739982,727.7062861761847,660.8278318573966,-14.827831857396632
1995-08-29 08:15:00,709,586.7596950492901,706.4755427679816,697.7211971244855,11.278802875514543
1995-08-29 08:30:00,652,633.4530961798473,704.4278056463995,742.3668611334606,-90.36686113346059
1995-08-29 08:45:00,634,656.5156750236474,663.3527934393683,724.3544277702294,-90.35442777022945
1995-08-29 09:00:00,676,669.3750089690394,623.393748029212,697.2547163054652,-21.254716305465195
1995-08-29 09:15:00,791,694.9470495569874,616.0437266669073,715.4767355311085,75.52326446889151
1995-08-29 09:30:00,638,730.9996883020959,649.5121371588507,784.9977847681604,-146.9977847681604
1995-08-29 09:45:00,921,752.0183184993748,571.508026822547,728.0123046291355,192.98769537086446
1995-08-29 10:00:00,940,743.7356601846978,670.4162776312628,818.6378971231744,121.36210287682559
1995-08-29 10:15:00,929,728.5322592591277,715.512530072669,848.5307486390105,80.46925136098946
1995-08-29 10:30:00,1029,737.4057052054916,733.6959407172003,875.5876052299056,153.41239477009435
1995-08-29 10:45:00,1118,770.2205758864748,781.66192887638,956.3684640700685,161.6315359299315
1995-08-29 11:00:00,868,797.643892132329,834.1971309027472,1036.32698234229,-168.32698234228997
1995-08-29 11:15:00,1010,806.7161899500682,726.1163813910284,937.3185306483103,72.68146935168966
1995-08-29 11:30:00,1081,814.7911457343065,760.9295985541144,980.2067035956346,100.79329640436538
1995-08-29 11:45:00,1310,837.7777485370802,795.6376063666144,1037.9013142109084,272.09868578909163
1995-08-29 12:00:00,1069,863.1358666671433,899.8014857611456,1167.4233117355027,-98.4233117355027
1995-08-29 12:15:00,1231,873.8942663046414,791.066469892005,1069.4466955038602,161.55330449613984
1995-08-29 12:30:00,1211,873.5852624244172,853.6918055853644,1131.7630273169952,79.23697268300475
1995-08-29 12:45:00,1356,875.8575837630632,860.4667079291144,1140.8102509993914,215.18974900060857
1995-08-29 13:00:00,1155,878.7325572328598,933.1552455267706,1216.3737620668442,-61.373762066844165
1995-08-29 13:15:00,1144,873.2831284178359,840.7282740912237,1118.4973618162735,25.502638183726503
1995-08-29 13:30:00,1233,862.397262482713,832.1245143255987,1099.0077361155254,133.9922638844746
1995-08-29 13:45:00,1472,859.4650467056507,873.3326136908331,1137.2836197036977,334.7163802963023
1995-08-29 14:00:00,1200,866.7431044212323,1007.1871669134894,1278.4162306419353,-78.41623064193527
1995-08-29 14:15:00,1226,874.0483058842054,882.3689296088019,1160.9031948002212,65.09680519977883
1995-08-29 14:30:00,1128,872.8252013835742,880.7377650580206,1158.0489257488084,-30.048925748808415
1995-08-29 14:45:00,1275,868.6506655216448,840.4501216254034,1113.586746454262,161.41325354573792
1995-08-29 15:00:00,1205,871.9528031992185,900.7229945502081,1177.1617570566405,27.838242943359546
1995-08-29 15:15:00,1457,886.0168079291834,861.6757838568487,1152.178551093246,304.8214489067541
1995-08-29 15:30:00,1375,901.6410549175264,977.3761317572394,1283.5031459819795,91.49685401802049
1995-08-29 15:45:00,1570,908.8061667021387,951.1420619330206,1264.4341879423732,305.5658120576268
1995-08-29 16:00:00,1152,902.6362490459949,1057.4462916693487,1364.5685000225574,-212.56850002255737
1995-08-29 16:15:00,1081,881.0837192953929,865.9187342963019,1151.4884128989086,-70.48841289890856
1995-08-29 16:30:00,1108,840.1761691704123,827.7377040228644,1072.3998325004904,35.60016749950955
1995-08-29 16:45:00,928,786.555824516884,837.0983455023566,1028.1401293264544,-100.14012932645437
1995-08-29 17:00:00,980,739.5912314979892,770.5778529486456,914.6550437538485,65.34495624615147
1995-08-29 17:15:00,849,712.4389829647396,775.8315913519659,892.7565336239193,-43.75653362391927
1995-08-29 17:30:00,732,692.8158417801859,734.899248822669,832.2010499100687,-100.20104991006872
1995-08-29 17:45:00,800,663.4942470214318,683.4822642645636,751.4624705932091,48.537529406790895
1995-08-29 18:00:00,799,626.6385788280654,702.6269633612433,733.7515014965225,65.24849850347755
1995-08-29 18:15:00,652,596.388589159219,723.7894160589972,724.66396452543,-72.66396452542995
1995-08-29 18:30:00,615,573.5596354725928,671.7529475531378,649.7985423329444,-34.79854233294441
1995-08-29 18:45:00,689,553.5778299087629,652.4280001959601,610.4917894119367,78.50821058806332
1995-08-29 19:00:00,704,539.9998665422094,690.5164592108526,635.0022850602758,68.99771493972423
1995-08-29 19:15:00,541,534.0086264862272,710.1509196600714,648.6455054535123,-107.64550545351233
1995-08-29 19:30:00,473,521.4645947443071,644.3526294073858,570.3031834589067,-97.30318345890669
1995-08-29 19:45:00,449,500.2102724047259,606.2868077597418,510.9830394716815,-61.98303947168148
1995-08-29 20:00:00,518,493.5273600217923,590.4809644064703,488.49428373547636,29.50571626452364
1995-08-29 20:15:00,685,513.8214227969422,608.6287143072882,526.9360964114442,158.06390358855583
1995-08-29 20:30:00,606,531.1039094891679,672.9362895331183,608.5261583294999,-2.5261583294999355
1995-08-29 20:45:00,596,517.5922741031113,653.4834163031378,575.5616497134629,20.438350286537116
1995-08-29 21:00:00,717,494.10676313121576,658.0288379034796,556.6215603419091,160.37843965809088
1995-08-29 21:15:00,663,499.0261553517589,729.8581416449347,633.3702563039074,29.629743696092646
1995-08-29 21:30:00,773,526.612105732095,726.5960566839972,657.6941217233059,115.3058782766941
1995-08-29 21:45:00,633,542.5006968760931,760.3639705023566,707.3506266856634,-74.35062668566343
1995-08-29 22:00:00,504,536.2515543198507,707.4471385321417,648.1846521592062,-144.18465215920617
1995-08-29 22:15:00,543,524.772089702002,646.5220248541632,575.7800738633789,-32.7800738633789
1995-08-29 22:30:00,643,514.7423514414492,639.5973689398566,558.8256796885195,84.17432031148053
1995-08-29 22:45:00,527,504.4679659803808,679.5958583197394,588.5497836073339,-61.54978360733389
1995-08-29 23:00:00,752,500.56761833381995,633.0029322943487,538.0565099353825,213.94349006461755
1995-08-29 23:15:00,490,505.00286235093773,726.905840619544,636.3946622776955,-146.3946622776955
1995-08-29 23:30:00,644,498.16495343680475,643.6197573981085,546.2706701421271,97.72932985787293
1995-08-29 23:45:00,507,470.77221507736675,696.3389537176886,571.5971281022692,-64.59712810226915
1995-08-30 00:00:00,522,453.22114820492015,656.6875102362433,514.3946177483772,7.605382251622814
1995-08-30 00:15:00,559,446.4206763360652,664.3282267889776,515.2348624322566,43.76513756774341
1995-08-30 00:30:00,548,439.7738040390609,671.319773419837,515.5795367661117,32.42046323388831
1995-08-30 00:45:00,349,413.05310737825505,680.773127301673,498.31219398714177,-149.31219398714177
1995-08-30 01:00:00,286,382.622435948328,604.1304681143561,391.23886336989784,-105.23886336989784
1995-08-30 01:15:00,242,374.73466852031277,569.5392653784552,348.7598932059817,-106.75989320598171
1995-08-30 01:30:00,285,380.4234784491683,533.6847255072394,318.5941632636214,-33.5941632636214
1995-08-30 01:45:00,305,375.4101526906436,527.0351435980597,306.93125559591704,-1.9312555959170368
1995-08-30 02:00:00,403,357.33980380578714,524.924982770423,286.75074588342386,116.24925411657614
1995-08-30 02:15:00,318,339.2320638626295,583.3147485098639,327.03277167970714,-9.032771679707139
1995-08-30 02:30:00,279,320.57123966547243,572.6089408240118,297.666139796698,-18.66613979669802
1995-08-30 02:45:00,366,298.2884119096573,567.6973311743536,270.4717023912247,95.52829760877529
1995-08-30 03:00:00,245,282.72412814005486,618.8144004187384,306.024487866007,-61.02448786600701
1995-08-30 03:15:00,226,283.78655589673457,588.7748925528326,277.04740775678096,-51.047407756780956
1995-08-30 03:30:00,392,289.9862412609299,567.456341489295,261.9285420574387,130.07145794256132
1995-08-30 03:45:00,337,285.9205384921802,634.6656977972784,325.0721955966724,11.927804403327627
1995-08-30 04:00:00,389,271.63603928073115,633.5939204535284,309.71591904147334,79.28408095852666
1995-08-30 04:15:00,312,257.4154672982741,661.2087733588019,323.11019996428973,-11.110199964289734
1995-08-30 04:30:00,295,247.6123189238681,648.1068141302862,300.2050923613681,-5.205092361368088
1995-08-30 04:45:00,361,244.50971895950855,647.7476680121222,296.74334627884446,64.25665372115554
1995-08-30 05:00:00,366,248.20938170580493,673.07696793888,325.7723089518987,40.22769104810129
1995-08-30 05:15:00,244,252.79242338853783,683.1045176825323,340.3829003782839,-96.38290037828392
1995-08-30 05:30:00,293,250.65042893458667,629.2172038397589,284.3535920815593,8.646407918440673
1995-08-30 05:45:00,257,247.7494388436663,637.8202082953253,290.0556064462054,-33.05560644620539
1995-08-30 06:00:00,291,254.23463266626143,624.0535189947882,282.77411096826336,8.225889031736642
1995-08-30 06:15:00,387,268.2959381438544,626.5352618536749,299.3171593047431,87.68284069525691
1995-08-30 06:30:00,379,280.9019337659868,659.5984828314581,344.9863759046587,34.0136240953413
1995-08-30 06:45:00,479,298.1610356493953,665.8596598944464,368.50665485105543,110.49334514894457
1995-08-30 07:00:00,437,333.0155828304648,706.5877482733526,444.0892904110312,-7.089290411031186
1995-08-30 07:15:00,528,383.04911881792816,689.5808589300909,477.11593705523285,50.88406294476715
1995-08-30 07:30:00,583,431.4777447923511,707.2064006171026,543.1701047166675,39.82989528333246
1995-08-30 07:45:00,810,475.2185799166303,713.7471949896612,593.4517342135052,216.54826578649477
1995-08-30 08:00:00,922,525.4680630279124,802.0613276800909,732.0153500152171,189.9846499847829
1995-08-30 08:15:00,889,583.5569118450684,855.0174281439581,843.0602992962403,45.93970070375974
1995-08-30 08:30:00,1004,630.2219900764758,831.7428309759894,866.4507803596789,137.5492196403211
1995-08-30 08:45:00,1121,653.2705875173435,866.5826136908331,924.3391605153904,196.6608394846096
1995-08-30 09:00:00,968,666.1221324033609,928.2554042181769,998.8634959287515,-30.86349592875149
1995-08-30 09:15:00,1094,691.678668230301,859.7121608099737,955.8767883474885,138.1232116525115
1995-08-30 09:30:00,1174,727.7094410790788,894.1876246771612,1026.3830250634537,147.61697493654628
1995-08-30 09:45:00,1222,748.7153296759423,926.7387721380987,1079.9400611212548,142.05993887874524
1995-08-30 10:00:00,1170,740.4377134949661,945.9278285345831,1090.851501336763,79.14849866323698
1995-08-30 10:15:00,1088,725.2435552174284,923.7357203802862,1053.4652349049284,34.534765095071634
1995-08-30 10:30:00,1269,734.1116307259356,895.0765101752081,1033.6741002083575,235.32589979164254
1995-08-30 10:45:00,1387,766.90659980802,977.3214137396612,1148.713972854895,238.28602714510498
1995-08-30 11:00:00,1519,794.313286585545,1039.4484889349737,1238.2477348277325,280.75226517226747
1995-08-30 11:15:00,1205,803.3800929048322,1110.8140895209112,1318.680141732957,-113.68014173295705
1995-08-30 11:30:00,1014,811.4501624642418,945.1394984564581,1161.0756202279135,-147.07562022791353
1995-08-30 11:45:00,1002,834.422828216655,845.5991237005987,1084.5079112244675,-82.50791122446753
1995-08-30 12:00:00,1236,859.7655697041871,809.9232508978644,1074.1747799092652,161.82522009073477
1995-08-30 12:15:00,1067,870.5174540447655,881.0856349310675,1156.0890482830468,-89.08904828304685
1995-08-30 12:30:00,965,870.2086523744576,788.7550380072394,1063.4496496889108,-98.44964968891077
1995-08-30 12:45:00,1130,872.479609125816,723.0864207587042,1000.0519891917339,129.94801080826608
1995-08-30 13:00:00,1312,875.3528521960691,780.0764186224737,1059.9152301257566,252.08476987424342
1995-08-30 13:15:00,1394,869.9067457213864,882.3804957709112,1156.7732007995114,237.22679920048859
1995-08-30 13:30:00,1191,859.0275020116329,942.91778825138,1206.4312495702266,-15.431249570226555
1995-08-30 13:45:00,1276,856.0970807574868,865.6124598822394,1126.19549994694,149.8045000530601
1995-08-30 14:00:00,1171,863.37073544663,909.923403485755,1177.7800982395988,-6.7800982395988285
1995-08-30 14:15:00,1245,870.6715173510825,868.7208278021612,1143.8783044604575,101.12169553954254
1995-08-30 14:30:00,1257,869.4491699302147,888.4295680365362,1162.3646972739648,94.6353027260352
1995-08-30 14:45:00,1518,865.2771826892198,889.7778346380987,1159.5409766345324,358.4590233654676
1995-08-30 15:00:00,1424,868.5773306119232,1033.127779706458,1306.191069625595,117.80893037440501
1995-08-30 15:15:00,1602,882.6328129754063,1006.5983302435675,1293.7171025261875,308.28289747381245
1995-08-30 15:30:00,1485,898.2475903893838,1104.4152247748175,1407.148774471415,77.85122552858502
1995-08-30 15:45:00,1372,905.4083673505629,1049.560122235755,1359.4544488935317,12.545551106468338
1995-08-30 16:00:00,1350,899.2422095028938,983.41729997013,1287.1454687802375,62.85453121976252
1995-08-30 16:15:00,1272,877.7027772866709,966.7632777533331,1248.9520143472178,23.047985652782245
1995-08-30 16:30:00,1182,836.8200739805902,933.6770350775519,1174.9830683653558,7.016931634644152
1995-08-30 16:45:00,1420,783.2322935904708,892.6592128119269,1080.3774657096114,339.62253429038856
1995-08-30 17:00:00,1186,736.2962249279803,1029.74151872013,1170.523702955324,15.476297044675903
1995-08-30 17:15:00,934,709.1604741617432,955.4215419134894,1069.0679753824463,-135.06797538244632
1995-08-30 17:30:00,1102,689.5492604281974,837.369463666419,931.4046834018302,170.5953165981698
1995-08-30 17:45:00,1170,660.2454807263346,909.7656276068487,974.4970676403971,195.50293235960294
1995-08-30 18:00:00,820,623.4122014113708,973.6624781927862,1001.5606389113708,-181.5606389113708
1995-08-30 18:15:00,664,593.1805908742429,818.524004682044,816.1905548635007,-152.19055486350067
1995-08-30 18:30:00,722,570.3655115119296,737.9047877630987,712.7562585822421,9.24374141775786
1995-08-30 18:45:00,706,550.3958520429666,753.979555829505,708.8613671796853,-2.861367179685317
1995-08-30 19:00:00,773,536.8261473383055,742.8237788519659,684.1358854974852,88.86411450251478
1995-08-30 19:15:00,780,530.8385603444385,756.3078639349737,691.632383586626,88.36761641337398
1995-08-30 19:30:00,813,518.3021597701627,770.1504237494269,692.9385428268033,120.06145717319669
1995-08-30 19:45:00,765,497.0607565500617,802.899965985755,704.4466818430304,60.55331815696957
1995-08-30 20:00:00,906,490.3819173546977,801.7944819769659,696.6623586388773,209.33764136112268
1995-08-30 20:15:00,991,510.6636759267426,876.1480738959112,791.2977091298676,199.7022908701324
1995-08-30 20:30:00,588,527.9356865696294,928.1351039252081,860.5567498020513,-272.5567498020513
1995-08-30 20:45:00,943,514.4322700278037,752.4102656683722,671.3284950033897,271.67150499661034
1995-08-30 21:00:00,819,490.9610331590506,889.2984340033331,784.7454264695975,34.25457353040247
1995-08-30 21:15:00,635,495.87745490119613,871.7561366400519,772.1195508484618,-137.1195508484618
1995-08-30 21:30:00,738,523.4466736990346,773.3157069525519,701.2483399588002,36.751660041199784
1995-08-30 21:45:00,845,539.3256346628726,773.7498500189581,717.5614439890445,127.4385560109555
1995-08-30 22:00:00,869,533.0803019904201,825.5200679144659,763.0863292120998,105.91367078790017
1995-08-30 22:15:00,1012,521.6078227367382,838.4335505804816,764.5273326244335,247.47266737556652
1995-08-30 22:30:00,999,511.5841897664857,915.51056168888,831.5807107625794,167.41928923742057
1995-08-30 22:45:00,944,501.31605820272574,942.0795924505987,847.8816099605383,96.1183900394617
1995-08-30 23:00:00,897,497.4180946519553,931.0063197455206,832.9103737046896,64.08962629531038
1995-08-30 23:15:00,873,501.850661960805,913.7162196478644,820.052840915883,52.94715908411695
1995-08-30 23:30:00,790,495.0169206800393,901.3918788275519,800.8947588148048,-10.894758814804845
1995-08-30 23:45:00,948,467.64082973468555,858.8578212103644,730.9846102522637,217.01538974773632
1995-08-31 00:00:00,700,450.1004351441747,935.5094325384894,790.0958269898779,-90.09582698987788
1995-08-31 00:15:00,704,443.3041084551866,837.664614423255,685.4546821856554,18.54531781434457
1995-08-31 00:30:00,553,436.6612881335853,824.2033412298956,665.3505886706946,-112.3505886706946
1995-08-31 00:45:00,586,409.9568314951441,754.2018458685675,568.6446366709254,17.355363329074635
1995-08-31 01:00:00,509,379.5446528535927,761.2959163031378,545.3265284639442,-36.326528463944214
1995-08-31 01:15:00,550,371.6616911492513,724.1590602240362,500.3067106805013,49.69328931949872
1995-08-31 01:30:00,402,377.34706357062464,735.4659602484503,517.2989831262887,-115.2989831262887
1995-08-31 01:45:00,570,372.33679831954316,666.4758403143683,443.2985979411252,126.7014020588748
1995-08-31 02:00:00,515,354.27743792072664,726.2716395697394,485.03503679767977,29.964963202320234
1995-08-31 02:15:00,653,336.1807093023546,722.20880387638,462.87547248594836,190.12452751405164
1995-08-31 02:30:00,525,317.53123238915055,795.0384394964972,517.0556311928615,7.944368807138517
1995-08-31 02:45:00,520,295.26195131196084,763.3091761908331,463.0570868100077,56.94291318999228
1995-08-31 03:00:00,415,279.70713493277464,775.1163508734503,459.3094451134387,-44.3094451134387
1995-08-31 03:15:00,521,280.76893450818096,737.4962336859503,422.751127501345,98.24887249865498
1995-08-31 03:30:00,501,286.96487233429235,776.4818293890753,467.9326610305814,33.067338969418586
1995-08-31 03:45:00,569,282.90165517379836,766.1705195746222,453.5581340556343,115.4418659443657
1995-08-31 04:00:00,656,268.6258465415739,798.3199488959112,471.4317547446989,184.56824525530112
1995-08-31 04:15:00,441,254.41392643367035,853.9022548041144,512.8021405449985,-71.80214054499845
1995-08-31 04:30:00,530,244.61674771005187,782.7691829047003,431.87188992196593,98.12811007803407
1995-08-31 04:45:00,524,241.5160487644522,813.1587245306769,459.1607326023428,64.83926739765718
1995-08-31 05:00:00,412,245.21348205395734,820.6886927923956,470.38813415356674,-58.38813415356674
1995-08-31 05:15:00,577,249.79375784041048,769.0422084173956,423.32192556501985,153.67807443498015
1995-08-31 05:30:00,566,247.65308110891255,820.8658778509894,473.00491826711567,92.99508173288433
1995-08-31 05:45:00,415,244.75386964738834,835.0546138129034,484.29444276750553,-69.29444276750553
1995-08-31 06:00:00,513,251.235142461479,770.314028485755,426.0351302544477,86.96486974555228
1995-08-31 06:15:00,660,265.28792633757,795.3872248968878,465.1611105416716,194.83888945832842
1995-08-31 06:30:00,762,277.8862839815818,868.273012860755,550.6452561495505,211.3547438504495
1995-08-31 06:45:00,735,295.1349221898204,926.0740687689581,625.6949502659922,109.30504973400775
1995-08-31 07:00:00,1086,329.9683206423406,915.3977382025519,649.8520181521062,436.1479818478938
1995-08-31 07:15:00,987,379.9714900637296,1100.4328028998175,884.8902522707608,102.10974772923919
1995-08-31 07:30:00,1167,428.3707236880705,1057.2157924017706,890.0724753970549,276.92752460294514
1995-08-31 07:45:00,1280,472.0850128293694,1133.2026393255987,1009.7736114621819,270.22638853781814
1995-08-31 08:00:00,1096,522.3039971119583,1197.1812770209112,1123.9712334400833,-27.971233440083324
1995-08-31 08:15:00,1286,580.3575860720103,1062.6198451361456,1047.4633905153696,238.5366094846304
1995-08-31 08:30:00,1263,626.994341400985,1129.0394313177862,1160.519732025985,102.48026797401508
1995-08-31 08:45:00,1162,650.0289574367661,1099.4321009955206,1153.9470177395006,8.052982260499448
1995-08-31 09:00:00,1285,662.8727132642667,1017.01446793888,1084.3731405103604,200.62685948963963
1995-08-31 09:15:00,1501,688.4137443254965,1064.7297389349737,1157.629442567684,343.370557432316
1995-08-31 09:30:00,1213,724.4226512858185,1191.1217067084112,1320.0303173014436,-107.03031730144357
1995-08-31 09:45:00,1587,745.4157982799353,1007.4189784369269,1157.3207360240758,429.6792639759242
1995-08-31 10:00:00,1559,737.1432242331365,1201.7694117865362,1343.3985953268866,215.6014046731134
1995-08-31 10:15:00,1481,721.9583085996185,1232.7224147162237,1359.166682623056,121.83331737694402
1995-08-31 10:30:00,1640,730.8210136752106,1182.8166529974737,1318.123625979898,321.87637402010205
1995-08-31 10:45:00,1569,763.5960811489114,1279.7836940130987,1447.8657344692238,121.13426553077625
1995-08-31 11:00:00,1592,790.9861384647742,1230.1471583685675,1425.6192561405555,166.38074385944446
1995-08-31 11:15:00,1633,800.0474532844731,1216.9628932318487,1421.4963058235357,211.50369417646425
1995-08-31 11:30:00,1437,808.1126366189537,1240.9401881537237,1453.5387840798912,-16.53878407989123
1995-08-31 11:45:00,1635,831.0713653255518,1109.7690455755987,1345.3263702083643,289.6736297916357
1995-08-31 12:00:00,1584,856.3987301644258,1206.3664576849737,1467.2511471566133,116.74885284338666
1995-08-31 12:15:00,1389,867.1440992085855,1168.7076442084112,1440.3377027242104,-51.33770272421043
1995-08-31 12:30:00,1183,866.8354997482252,1032.577242597083,1303.898701652522,-120.89870165252205
1995-08-31 12:45:00,1425,869.1050919122935,915.2223231634894,1188.8133743829967,236.1866256170033
1995-08-31 13:00:00,1485,871.9766045817751,1022.871157392005,1299.3337212809938,185.6662787190062
1995-08-31 13:15:00,1510,866.5338204494532,1056.8998744330206,1327.9196541896877,182.08034581031234
1995-08-31 13:30:00,1514,855.6611989630212,1065.80694840763,1325.954106677865,188.04589332213504
1995-08-31 13:45:00,1439,852.7325722320513,1077.903414472083,1335.1219460113482,103.8780539886518
1995-08-31 14:00:00,1477,860.0018238956735,1049.5243251166144,1314.0121083195017,162.98789168049825
1995-08-31 14:15:00,1328,867.2981862415264,1065.995455487708,1337.7796010364482,-9.779601036448184
1995-08-31 14:30:00,1393,866.0765958996915,982.1889369330206,1252.7514921399259,140.24850786007414
1995-08-31 14:45:00,1309,861.9071572808891,1005.200747235755,1271.5938638238579,37.40613617614213
1995-08-31 15:00:00,1375,865.2053154497721,961.66388200138,1231.3551567583659,143.64484324163413
1995-08-31 15:15:00,1258,879.2522754425248,984.04815934513,1267.7863940948687,-9.786394094868683
1995-08-31 15:30:00,1323,894.8575832856704,915.455141767005,1214.7986843598892,108.2013156401108
1995-08-31 15:45:00,1453,902.0140254209983,930.6363551459112,1237.1363398741232,215.86366012587678
1995-08-31 16:00:00,1389,895.8516273846469,992.6185023627081,1292.9560890545688,96.04391094543121
1995-08-31 16:15:00,393,874.3252927063398,972.7482020697394,1251.559454083293,-858.5594540832931
1995-08-31 16:30:00,1130,833.4674362200385,573.6649253210821,811.6183208483344,318.3816791516656
1995-08-31 16:45:00,971,779.9122200858724,839.4518916449347,1023.8500710380208,-52.850071038020815
1995-08-31 17:00:00,783,733.0046757861426,829.0324275336066,966.5230626269629,-183.52306262696288
1995-08-31 17:15:00,1042,705.8854227847028,712.372133954505,822.7435160464215,219.25648395357848
1995-08-31 17:30:00,1024,686.2861365008546,806.64386247013,897.4159582781983,126.58404172180167
1995-08-31 17:45:00,873,657.0001718581947,837.2110774359503,898.6972086013587,-25.69720860135874
1995-08-31 18:00:00,867,620.1892814255749,783.2763087591925,807.9515494919812,59.048450508018846
1995-08-31 18:15:00,785,589.9760500169364,789.9810817084112,784.4430910325614,0.5569089674386305
1995-08-31 18:30:00,730,567.1748449791305,777.8587825140753,749.5195868004196,-19.519586800419575
1995-08-31 18:45:00,781,547.2173316018934,752.6607539496222,704.3640448587294,76.63595514127064
1995-08-31 19:00:00,728,533.6558855594841,770.710528119544,708.8523729862419,19.147627013758097
1995-08-31 19:15:00,722,527.671951626379,758.8168055853644,690.9747165189572,31.025283481042834
1995-08-31 19:30:00,701,515.1431822158095,753.5609156927862,673.1900572158095,27.809942784190525
1995-08-31 19:45:00,780,493.9146981163677,749.2974726996222,647.6981301232036,132.30186987679645
1995-08-31 20:00:00,671,487.23993210975993,795.2538478216925,686.9797392386662,-15.979739238666184
1995-08-31 20:15:00,655,507.5093864780003,759.2479426703253,671.2432884555394,-16.243288455539414
1995-08-31 20:30:00,660,524.7709210728588,737.1576106390753,666.4144910191478,-6.4144910191478175
1995-08-31 20:45:00,751,511.275723377634,725.3952510199347,641.1569337047824,109.84306629521757
1995-08-31 21:00:00,515,487.8187606109114,767.2874476752081,659.5921675933332,-144.59216759333322
1995-08-31 21:15:00,705,492.7322118750288,679.1926143011847,576.4107854834272,128.58921451657284
1995-08-31 21:30:00,654,520.2846990899246,737.4133326849737,662.1839910821121,-8.18399108211213
1995-08-31 21:45:00,589,536.1540298753881,717.4256846747198,658.0656738573217,-69.06567385732171
1995-08-31 22:00:00,513,529.9125070823767,678.2655818304816,612.664048220072,-99.664048220072
1995-08-31 22:15:00,782,518.4470131972345,628.4894244513312,551.4223969557794,230.5776030442206
1995-08-31 22:30:00,857,508.4294855131054,744.3741481146612,657.2895929349804,199.71040706501958
1995-08-31 22:45:00,736,498.16760784804774,811.7486598334112,714.4022269886727,21.597773011327263
1995-08-31 23:00:00,662,494.27202839287924,778.978350385169,677.7363380852621,-15.736338085262105
1995-08-31 23:15:00,687,498.70191899368507,750.7082545599737,653.8961328608725,33.10386713912749
1995-08-31 23:30:00,666,491.8723453438102,763.4798610052862,659.8381656563101,6.161834343689861
1995-08-31 23:45:00,442,464.51290181707503,753.315981610755,622.3148427350438,-180.31484273504384
